cell_id,n_dives,n_spots,prop_dives,n_dives_extrap
4856,1,1,9.862711062016726e-6,417
5083,1,1,9.862711062016726e-6,417
5084,3,2,2.9588133186050183e-5,1251
5087,1,1,9.862711062016726e-6,417
5289,10,5,9.862711062016727e-5,4170
5295,1,1,9.862711062016726e-6,417
5491,3,3,2.9588133186050183e-5,1251
5673,1,1,9.862711062016726e-6,417
5675,1,1,9.862711062016726e-6,417
5676,13,11,1.2821524380621745e-4,5421
5830,1,1,9.862711062016726e-6,417
5957,10,7,9.862711062016727e-5,4170
6207,1,1,9.862711062016726e-6,417
6208,1,1,9.862711062016726e-6,417
6336,1,1,9.862711062016726e-6,417
6426,6,4,5.9176266372100366e-5,2502
6455,2,2,1.9725422124033453e-5,834
6456,2,2,1.9725422124033453e-5,834
6551,1,1,9.862711062016726e-6,417
6552,3,1,2.9588133186050183e-5,1251
6580,7,5,6.90389774341171e-5,2919
6581,48,33,4.734101309768029e-4,20015
6582,2,1,1.9725422124033453e-5,834
6688,2,2,1.9725422124033453e-5,834
6721,3,3,2.9588133186050183e-5,1251
6722,6,4,5.9176266372100366e-5,2502
6723,56,18,5.523118194729368e-4,23350
6862,34,16,3.3533217610856873e-4,14177
6863,3,2,2.9588133186050183e-5,1251
6864,3,2,2.9588133186050183e-5,1251
6865,161,52,0.0015878964809846931,67132
7003,9,5,8.876439955815054e-5,3753
7004,8,7,7.890168849613381e-5,3336
7150,35,21,3.451948871705854e-4,14594
7300,1,1,9.862711062016726e-6,417
7473,7,4,6.90389774341171e-5,2919
7637,1,1,9.862711062016726e-6,417
7644,2,1,1.9725422124033453e-5,834
7645,6,5,5.9176266372100366e-5,2502
7653,1,1,9.862711062016726e-6,417
7838,3,2,2.9588133186050183e-5,1251
7846,15,10,1.479406659302509e-4,6255
7853,1,1,9.862711062016726e-6,417
7854,6,1,5.9176266372100366e-5,2502
7855,2,1,1.9725422124033453e-5,834
7856,16,2,1.5780337699226762e-4,6672
7857,16,8,1.5780337699226762e-4,6672
7858,7,4,6.90389774341171e-5,2919
7863,4,1,3.9450844248066906e-5,1668
8063,11,9,1.08489821682184e-4,4587
8066,646,122,0.006371311346062806,269362
8067,5,3,4.9313555310083636e-5,2085
8068,4,2,3.9450844248066906e-5,1668
8070,2,1,1.9725422124033453e-5,834
8071,4,1,3.9450844248066906e-5,1668
8073,17,8,1.6766608805428437e-4,7088
8074,1,1,9.862711062016726e-6,417
8076,4,4,3.9450844248066906e-5,1668
8077,4,3,3.9450844248066906e-5,1668
8287,19,17,1.8739151017831783e-4,7922
8299,28,14,2.761559097364684e-4,11675
8301,5,5,4.9313555310083636e-5,2085
8302,8,6,7.890168849613381e-5,3336
8303,22,9,2.16979643364368e-4,9173
8304,119,18,0.0011736626163799905,49619
8311,21,5,2.0711693230235126e-4,8756
8527,17,11,1.6766608805428437e-4,7088
8539,37,18,3.649203092946189e-4,15428
8540,42,26,4.142338646047025e-4,17513
8541,12,11,1.1835253274420073e-4,5004
8543,39,33,3.8464573141865234e-4,16262
8544,10,7,9.862711062016727e-5,4170
8552,9,6,8.876439955815054e-5,3753
8765,1,1,9.862711062016726e-6,417
8768,1,1,9.862711062016726e-6,417
8783,6,4,5.9176266372100366e-5,2502
8784,2,1,1.9725422124033453e-5,834
8785,40,29,3.945084424806691e-4,16679
8786,215,60,0.0021204828783335963,89648
8789,6,4,5.9176266372100366e-5,2502
8790,117,38,0.001153937194255957,48785
8791,1,1,9.862711062016726e-6,417
9016,1,1,9.862711062016726e-6,417
9018,1,1,9.862711062016726e-6,417
9020,1,1,9.862711062016726e-6,417
9037,9,3,8.876439955815054e-5,3753
9038,6,4,5.9176266372100366e-5,2502
9041,2,1,1.9725422124033453e-5,834
9265,5,4,4.9313555310083636e-5,2085
9266,7,7,6.90389774341171e-5,2919
9282,1,1,9.862711062016726e-6,417
9283,30,6,2.958813318605018e-4,12509
9288,2,2,1.9725422124033453e-5,834
9508,24,11,2.3670506548840146e-4,10007
9509,21,9,2.0711693230235126e-4,8756
9525,5,3,4.9313555310083636e-5,2085
9526,13,12,1.2821524380621745e-4,5421
9527,2,2,1.9725422124033453e-5,834
9528,5,4,4.9313555310083636e-5,2085
9749,1,1,9.862711062016726e-6,417
9750,29,18,2.8601862079848507e-4,12092
9751,42,4,4.142338646047025e-4,17513
9753,1,1,9.862711062016726e-6,417
9754,49,20,4.832728420388196e-4,20431
9770,15,5,1.479406659302509e-4,6255
9771,59,27,5.818999526589869e-4,24601
9772,7,6,6.90389774341171e-5,2919
9773,33,23,3.25469465046552e-4,13760
9774,356,100,0.003511125138077955,148441
9775,4,3,3.9450844248066906e-5,1668
9776,46,19,4.5368470885276944e-4,19181
9777,33,14,3.25469465046552e-4,13760
9998,1,1,9.862711062016726e-6,417
9999,7,4,6.90389774341171e-5,2919
10000,1,1,9.862711062016726e-6,417
10001,73,23,7.199779075272211e-4,30439
10009,6,6,5.9176266372100366e-5,2502
10016,328,166,0.0032349692283414866,136766
10017,16,14,1.5780337699226762e-4,6672
10018,21,11,2.0711693230235126e-4,8756
10019,13,10,1.2821524380621745e-4,5421
10020,206,62,0.002031718478775446,85896
10021,2,2,1.9725422124033453e-5,834
10022,10,3,9.862711062016727e-5,4170
10156,1,1,9.862711062016726e-6,417
10240,7,5,6.90389774341171e-5,2919
10241,10,5,9.862711062016727e-5,4170
10243,13,6,1.2821524380621745e-4,5421
10244,16,5,1.5780337699226762e-4,6672
10248,8,4,7.890168849613381e-5,3336
10253,4,4,3.9450844248066906e-5,1668
10254,5,5,4.9313555310083636e-5,2085
10255,18,18,1.7752879911630108e-4,7505
10256,3,3,2.9588133186050183e-5,1251
10264,6,6,5.9176266372100366e-5,2502
10265,32,29,3.1560675398453525e-4,13343
10266,74,70,7.298406185892378e-4,30856
10267,3,3,2.9588133186050183e-5,1251
10268,23,15,2.2684235442638472e-4,9590
10269,2,2,1.9725422124033453e-5,834
10270,1,1,9.862711062016726e-6,417
10271,20,16,1.9725422124033454e-4,8339
10272,8,5,7.890168849613381e-5,3336
10274,2,2,1.9725422124033453e-5,834
10279,2,1,1.9725422124033453e-5,834
10485,10,9,9.862711062016727e-5,4170
10486,6,4,5.9176266372100366e-5,2502
10494,2,2,1.9725422124033453e-5,834
10495,12,12,1.1835253274420073e-4,5004
10497,1,1,9.862711062016726e-6,417
10505,177,15,0.0017456998579769606,73803
10506,2,2,1.9725422124033453e-5,834
10507,1,1,9.862711062016726e-6,417
10516,35,22,3.451948871705854e-4,14594
10517,3,2,2.9588133186050183e-5,1251
10736,249,13,0.0024558150544421653,103825
10740,1,1,9.862711062016726e-6,417
10741,1,1,9.862711062016726e-6,417
10742,6,6,5.9176266372100366e-5,2502
10745,5,5,4.9313555310083636e-5,2085
10746,1,1,9.862711062016726e-6,417
10752,1,1,9.862711062016726e-6,417
10757,1,1,9.862711062016726e-6,417
10758,1,1,9.862711062016726e-6,417
10971,7,7,6.90389774341171e-5,2919
10972,3,3,2.9588133186050183e-5,1251
10973,3,2,2.9588133186050183e-5,1251
10975,5,3,4.9313555310083636e-5,2085
10976,27,4,2.6629319867445164e-4,11258
10977,62,3,6.114880858450371e-4,25852
10982,1,1,9.862711062016726e-6,417
10983,8,8,7.890168849613381e-5,3336
10984,2,2,1.9725422124033453e-5,834
10985,2,2,1.9725422124033453e-5,834
10986,7,7,6.90389774341171e-5,2919
10987,12,12,1.1835253274420073e-4,5004
10988,1,1,9.862711062016726e-6,417
10991,44,22,4.33959286728736e-4,18347
10993,2,1,1.9725422124033453e-5,834
11204,185,27,0.0018246015464730946,77139
11205,5,4,4.9313555310083636e-5,2085
11206,3,3,2.9588133186050183e-5,1251
11207,71,23,7.002524854031876e-4,29605
11209,7,6,6.90389774341171e-5,2919
11213,3,3,2.9588133186050183e-5,1251
11214,8,8,7.890168849613381e-5,3336
11215,9,9,8.876439955815054e-5,3753
11216,13,11,1.2821524380621745e-4,5421
11343,1,1,9.862711062016726e-6,417
11425,7,3,6.90389774341171e-5,2919
11430,1,1,9.862711062016726e-6,417
11434,25,25,2.4656777655041815e-4,10424
11435,21,21,2.0711693230235126e-4,8756
11436,10,7,9.862711062016727e-5,4170
11649,11,4,1.08489821682184e-4,4587
11650,3,3,2.9588133186050183e-5,1251
11652,2,2,1.9725422124033453e-5,834
11656,2,2,1.9725422124033453e-5,834
11657,6,6,5.9176266372100366e-5,2502
11658,127,98,0.0012525643048761244,52955
11659,114,58,0.001124349061069907,47534
11795,21,6,2.0711693230235126e-4,8756
11871,11,9,1.08489821682184e-4,4587
11872,3,1,2.9588133186050183e-5,1251
11873,8,5,7.890168849613381e-5,3336
11877,16,13,1.5780337699226762e-4,6672
11878,107,40,0.0010553100836357898,44616
11879,2,2,1.9725422124033453e-5,834
11881,320,170,0.0031560675398453527,133430
11882,57,27,5.621745305349535e-4,23767
11883,18,2,1.7752879911630108e-4,7505
11886,2,2,1.9725422124033453e-5,834
11887,3,3,2.9588133186050183e-5,1251
11888,949,634,0.009359712797853874,395703
11889,180,61,0.0017752879911630108,75054
12112,22,13,2.16979643364368e-4,9173
12116,3,3,2.9588133186050183e-5,1251
12117,10,10,9.862711062016727e-5,4170
12118,21,9,2.0711693230235126e-4,8756
12119,2,2,1.9725422124033453e-5,834
12120,4,4,3.9450844248066906e-5,1668
12260,2,2,1.9725422124033453e-5,834
12346,3,2,2.9588133186050183e-5,1251
12347,32,12,3.1560675398453525e-4,13343
12348,12,8,1.1835253274420073e-4,5004
12349,111,50,0.0010947609278838567,46284
12350,4,1,3.9450844248066906e-5,1668
12351,11,6,1.08489821682184e-4,4587
12352,29,16,2.8601862079848507e-4,12092
12353,3,3,2.9588133186050183e-5,1251
12496,9,5,8.876439955815054e-5,3753
12591,34,29,3.3533217610856873e-4,14177
12592,192,137,0.0018936405239072117,80058
12593,141,68,0.0013906422597443585,58793
12594,25,14,2.4656777655041815e-4,10424
12596,1,1,9.862711062016726e-6,417
12600,1,1,9.862711062016726e-6,417
12601,2,2,1.9725422124033453e-5,834
12745,2,2,1.9725422124033453e-5,834
12746,10,5,9.862711062016727e-5,4170
12747,35,3,3.451948871705854e-4,14594
12841,4,1,3.9450844248066906e-5,1668
12845,1,1,9.862711062016726e-6,417
12847,5,4,4.9313555310083636e-5,2085
12848,1,1,9.862711062016726e-6,417
12850,2,2,1.9725422124033453e-5,834
12851,8,3,7.890168849613381e-5,3336
12998,3,3,2.9588133186050183e-5,1251
12999,38,20,3.7478302035663565e-4,15845
13000,179,30,0.0017654252801009942,74637
13100,13,8,1.2821524380621745e-4,5421
13247,16,14,1.5780337699226762e-4,6672
13248,2,2,1.9725422124033453e-5,834
13249,3,3,2.9588133186050183e-5,1251
13250,10,9,9.862711062016727e-5,4170
13342,28,19,2.761559097364684e-4,11675
13343,15,10,1.479406659302509e-4,6255
13344,39,16,3.8464573141865234e-4,16262
13345,9,9,8.876439955815054e-5,3753
13346,155,71,0.0015287202146125928,64630
13496,10,9,9.862711062016727e-5,4170
13497,6,5,5.9176266372100366e-5,2502
13498,8,6,7.890168849613381e-5,3336
13499,7,7,6.90389774341171e-5,2919
13500,5,3,4.9313555310083636e-5,2085
13501,20,8,1.9725422124033454e-4,8339
13507,5,4,4.9313555310083636e-5,2085
13592,34,26,3.3533217610856873e-4,14177
13593,2,1,1.9725422124033453e-5,834
13744,19,16,1.8739151017831783e-4,7922
13745,69,22,6.805270632791542e-4,28771
13747,3,1,2.9588133186050183e-5,1251
13842,105,27,0.0010355846615117564,43782
13843,7,7,6.90389774341171e-5,2919
13844,52,32,5.128609752248698e-4,21682
13997,240,167,0.0023670506548840145,100073
13998,182,92,0.0017950134132870444,75888
14020,1,1,9.862711062016726e-6,417
14021,5,5,4.9313555310083636e-5,2085
14098,11,6,1.08489821682184e-4,4587
14099,65,41,6.410762190310873e-4,27103
14100,1,1,9.862711062016726e-6,417
14257,17,3,1.6766608805428437e-4,7088
14358,2,2,1.9725422124033453e-5,834
14359,4,4,3.9450844248066906e-5,1668
14522,1,1,9.862711062016726e-6,417
14621,7,6,6.90389774341171e-5,2919
14622,5,3,4.9313555310083636e-5,2085
14623,5,4,4.9313555310083636e-5,2085
14625,1,1,9.862711062016726e-6,417
14892,9,6,8.876439955815054e-5,3753
14895,2,2,1.9725422124033453e-5,834
15064,1,1,9.862711062016726e-6,417
15171,4,3,3.9450844248066906e-5,1668
15172,121,68,0.001193388038504024,50453
15173,8,4,7.890168849613381e-5,3336
15175,1,1,9.862711062016726e-6,417
15176,1,1,9.862711062016726e-6,417
15179,8,6,7.890168849613381e-5,3336
15344,1,1,9.862711062016726e-6,417
15345,7,4,6.90389774341171e-5,2919
15450,7,4,6.90389774341171e-5,2919
15452,85,56,8.383304402714218e-4,35442
15453,402,155,0.003964809846930724,167621
15454,228,95,0.002248698122139814,95069
15627,2,2,1.9725422124033453e-5,834
15634,26,11,2.564304876124349e-4,10841
15635,13,11,1.2821524380621745e-4,5421
15736,116,18,0.0011440744831939403,48368
15738,2,1,1.9725422124033453e-5,834
15740,46,25,4.5368470885276944e-4,19181
15741,117,73,0.001153937194255957,48785
15742,29,14,2.8601862079848507e-4,12092
15750,3,1,2.9588133186050183e-5,1251
15751,22,12,2.16979643364368e-4,9173
15752,15,2,1.479406659302509e-4,6255
15924,1,1,9.862711062016726e-6,417
15931,5,3,4.9313555310083636e-5,2085
16034,49,23,4.832728420388196e-4,20431
16035,200,125,0.0019725422124033452,83394
16036,29,25,2.8601862079848507e-4,12092
16039,3,3,2.9588133186050183e-5,1251
16042,2,2,1.9725422124033453e-5,834
16043,20,19,1.9725422124033454e-4,8339
16044,54,29,5.325863973489033e-4,22516
16225,1,1,9.862711062016726e-6,417
16334,30,16,2.958813318605018e-4,12509
16335,9,7,8.876439955815054e-5,3753
16336,3,3,2.9588133186050183e-5,1251
16338,79,12,7.791541738993215e-4,32941
16339,322,136,0.0031757929619693863,134264
16340,28,15,2.761559097364684e-4,11675
16341,6,2,5.9176266372100366e-5,2502
16344,33,9,3.25469465046552e-4,13760
16345,1,1,9.862711062016726e-6,417
16346,2,2,1.9725422124033453e-5,834
16348,9,8,8.876439955815054e-5,3753
16349,125,31,0.0012328388827520908,52121
16350,40,10,3.945084424806691e-4,16679
16351,4,3,3.9450844248066906e-5,1668
16369,1,1,9.862711062016726e-6,417
16532,9,9,8.876439955815054e-5,3753
16634,1,1,9.862711062016726e-6,417
16635,3,2,2.9588133186050183e-5,1251
16637,39,16,3.8464573141865234e-4,16262
16638,9,5,8.876439955815054e-5,3753
16639,118,54,0.0011637999053179739,49202
16640,31,17,3.0574404292251856e-4,12926
16641,12,8,1.1835253274420073e-4,5004
16643,1051,724,0.01036570932617958,438234
16644,570,182,0.005621745305349535,237672
16645,509,181,0.0050201199305665144,212237
16646,121,48,0.001193388038504024,50453
16650,3,2,2.9588133186050183e-5,1251
16651,21,9,2.0711693230235126e-4,8756
16656,60,34,5.917626637210036e-4,25018
16657,31,17,3.0574404292251856e-4,12926
16659,32,8,3.1560675398453525e-4,13343
16660,1,1,9.862711062016726e-6,417
16681,1,1,9.862711062016726e-6,417
16844,143,68,0.001410367681868392,59627
16946,9,4,8.876439955815054e-5,3753
16947,7,3,6.90389774341171e-5,2919
16948,10,8,9.862711062016727e-5,4170
16949,10,1,9.862711062016727e-5,4170
16958,38,21,3.7478302035663565e-4,15845
16959,9,6,8.876439955815054e-5,3753
16960,81,41,7.988795960233549e-4,33774
16961,32,21,3.1560675398453525e-4,13343
16962,3,2,2.9588133186050183e-5,1251
16968,28,20,2.761559097364684e-4,11675
16969,14,14,1.380779548682342e-4,5838
16970,44,27,4.33959286728736e-4,18347
16971,3,3,2.9588133186050183e-5,1251
16996,4,2,3.9450844248066906e-5,1668
17166,4,1,3.9450844248066906e-5,1668
17167,11,8,1.08489821682184e-4,4587
17269,15,12,1.479406659302509e-4,6255
17270,32,28,3.1560675398453525e-4,13343
17271,301,201,0.002968676029667035,125508
17280,68,47,6.706643522171375e-4,28354
17281,3,2,2.9588133186050183e-5,1251
17283,21,19,2.0711693230235126e-4,8756
17284,58,22,5.720372415969701e-4,24184
17285,6,2,5.9176266372100366e-5,2502
17288,44,17,4.33959286728736e-4,18347
17293,22,12,2.16979643364368e-4,9173
17294,48,15,4.734101309768029e-4,20015
17295,12,8,1.1835253274420073e-4,5004
17296,6,4,5.9176266372100366e-5,2502
17497,38,22,3.7478302035663565e-4,15845
17498,1,1,9.862711062016726e-6,417
17499,9,3,8.876439955815054e-5,3753
17601,6,5,5.9176266372100366e-5,2502
17602,3,3,2.9588133186050183e-5,1251
17603,276,158,0.0027221082531166166,115083
17604,574,162,0.005661196149597601,239340
17613,66,32,6.50938930093104e-4,27520
17618,29,28,2.8601862079848507e-4,12092
17619,10,3,9.862711062016727e-5,4170
17626,1,1,9.862711062016726e-6,417
17628,1,1,9.862711062016726e-6,417
17828,6,4,5.9176266372100366e-5,2502
17829,5,3,4.9313555310083636e-5,2085
17830,19,11,1.8739151017831783e-4,7922
17831,2,2,1.9725422124033453e-5,834
17934,3,2,2.9588133186050183e-5,1251
17935,8,3,7.890168849613381e-5,3336
17937,81,37,7.988795960233549e-4,33774
17938,121,45,0.001193388038504024,50453
17947,1,1,9.862711062016726e-6,417
17949,77,35,7.59428751775288e-4,32107
17955,6,2,5.9176266372100366e-5,2502
17967,2,1,1.9725422124033453e-5,834
18160,1,1,9.862711062016726e-6,417
18161,12,4,1.1835253274420073e-4,5004
18162,19,13,1.8739151017831783e-4,7922
18164,4,4,3.9450844248066906e-5,1668
18165,1,1,9.862711062016726e-6,417
18270,7,5,6.90389774341171e-5,2919
18271,44,27,4.33959286728736e-4,18347
18272,1,1,9.862711062016726e-6,417
18283,5,3,4.9313555310083636e-5,2085
18284,6,6,5.9176266372100366e-5,2502
18285,7,7,6.90389774341171e-5,2919
18286,34,30,3.3533217610856873e-4,14177
18291,4,3,3.9450844248066906e-5,1668
18292,19,13,1.8739151017831783e-4,7922
18293,46,26,4.5368470885276944e-4,19181
18295,5,3,4.9313555310083636e-5,2085
18296,1,1,9.862711062016726e-6,417
18300,3,3,2.9588133186050183e-5,1251
18301,2,1,1.9725422124033453e-5,834
18306,4,3,3.9450844248066906e-5,1668
18500,6,2,5.9176266372100366e-5,2502
18610,8,4,7.890168849613381e-5,3336
18624,5,4,4.9313555310083636e-5,2085
18626,5,3,4.9313555310083636e-5,2085
18633,9,5,8.876439955815054e-5,3753
18634,29,14,2.8601862079848507e-4,12092
18637,64,14,6.312135079690705e-4,26686
18643,1,1,9.862711062016726e-6,417
18644,10,3,9.862711062016727e-5,4170
18647,46,9,4.5368470885276944e-4,19181
18837,51,40,5.029982641628531e-4,21265
18949,4,2,3.9450844248066906e-5,1668
18954,26,20,2.564304876124349e-4,10841
18955,13,11,1.2821524380621745e-4,5421
18964,12,6,1.1835253274420073e-4,5004
18977,11,5,1.08489821682184e-4,4587
18978,7,6,6.90389774341171e-5,2919
18980,1,1,9.862711062016726e-6,417
18981,2,2,1.9725422124033453e-5,834
18982,5,3,4.9313555310083636e-5,2085
18983,23,15,2.2684235442638472e-4,9590
19179,2,2,1.9725422124033453e-5,834
19289,63,47,6.213507969070538e-4,26269
19291,6,3,5.9176266372100366e-5,2502
19295,40,19,3.945084424806691e-4,16679
19296,101,79,9.961338172636894e-4,42114
19297,8,4,7.890168849613381e-5,3336
19298,1,1,9.862711062016726e-6,417
19299,7,3,6.90389774341171e-5,2919
19321,3,3,2.9588133186050183e-5,1251
19322,13,10,1.2821524380621745e-4,5421
19324,29,22,2.8601862079848507e-4,12092
19332,1,1,9.862711062016726e-6,417
19528,5,1,4.9313555310083636e-5,2085
19529,4,2,3.9450844248066906e-5,1668
19535,2,1,1.9725422124033453e-5,834
19537,1,1,9.862711062016726e-6,417
19645,20,5,1.9725422124033454e-4,8339
19647,48,23,4.734101309768029e-4,20015
19648,56,29,5.523118194729368e-4,23350
19649,4,2,3.9450844248066906e-5,1668
19650,2,2,1.9725422124033453e-5,834
19651,19,11,1.8739151017831783e-4,7922
19660,3,3,2.9588133186050183e-5,1251
19661,6,6,5.9176266372100366e-5,2502
19662,41,14,4.0437115354268583e-4,17096
19674,1,1,9.862711062016726e-6,417
19682,8,3,7.890168849613381e-5,3336
19683,9,9,8.876439955815054e-5,3753
19687,5,5,4.9313555310083636e-5,2085
19688,12,5,1.1835253274420073e-4,5004
19697,4,1,3.9450844248066906e-5,1668
19888,33,3,3.25469465046552e-4,13760
19889,45,6,4.438219977907527e-4,18764
19891,1,1,9.862711062016726e-6,417
19972,2,2,1.9725422124033453e-5,834
19973,246,71,0.002426226921256115,102574
19974,7,7,6.90389774341171e-5,2919
19975,4,4,3.9450844248066906e-5,1668
19976,10,9,9.862711062016727e-5,4170
20006,76,27,7.495660407132713e-4,31690
20008,70,46,6.903897743411708e-4,29188
20009,47,24,4.635474199147862e-4,19598
20010,7,5,6.90389774341171e-5,2919
20011,62,30,6.114880858450371e-4,25852
20031,87,24,8.580558623954552e-4,36276
20034,4,4,3.9450844248066906e-5,1668
20036,5,4,4.9313555310083636e-5,2085
20044,8,6,7.890168849613381e-5,3336
20046,1,1,9.862711062016726e-6,417
20047,2,2,1.9725422124033453e-5,834
20048,1,1,9.862711062016726e-6,417
20052,2,1,1.9725422124033453e-5,834
20253,2,1,1.9725422124033453e-5,834
20255,14,2,1.380779548682342e-4,5838
20259,3,1,2.9588133186050183e-5,1251
20337,2,1,1.9725422124033453e-5,834
20339,15,7,1.479406659302509e-4,6255
20372,52,21,5.128609752248698e-4,21682
20373,128,39,0.001262427015938141,53372
20374,25,15,2.4656777655041815e-4,10424
20375,40,17,3.945084424806691e-4,16679
20397,11,9,1.08489821682184e-4,4587
20398,9,6,8.876439955815054e-5,3753
20399,27,5,2.6629319867445164e-4,11258
20401,14,10,1.380779548682342e-4,5838
20402,4,4,3.9450844248066906e-5,1668
20411,1,1,9.862711062016726e-6,417
20413,16,3,1.5780337699226762e-4,6672
20414,1,1,9.862711062016726e-6,417
20415,7,2,6.90389774341171e-5,2919
20416,16,7,1.5780337699226762e-4,6672
20417,9,9,8.876439955815054e-5,3753
20421,13,10,1.2821524380621745e-4,5421
20422,12,3,1.1835253274420073e-4,5004
20437,17,12,1.6766608805428437e-4,7088
20623,3,3,2.9588133186050183e-5,1251
20624,1,1,9.862711062016726e-6,417
20708,16,2,1.5780337699226762e-4,6672
20710,1,1,9.862711062016726e-6,417
20714,70,38,6.903897743411708e-4,29188
20744,471,60,0.004645336910209879,196392
20766,12,7,1.1835253274420073e-4,5004
20767,19,17,1.8739151017831783e-4,7922
20770,20,12,1.9725422124033454e-4,8339
20779,50,30,4.931355531008363e-4,20848
20781,20,12,1.9725422124033454e-4,8339
20782,89,38,8.777812845194887e-4,37110
20783,131,64,0.0012920151491241912,54623
20784,5,4,4.9313555310083636e-5,2085
20788,26,20,2.564304876124349e-4,10841
20803,26,9,2.564304876124349e-4,10841
20804,7,2,6.90389774341171e-5,2919
20990,1,1,9.862711062016726e-6,417
21081,11,6,1.08489821682184e-4,4587
21110,7,5,6.90389774341171e-5,2919
21111,131,63,0.0012920151491241912,54623
21112,34,6,3.3533217610856873e-4,14177
21131,4,1,3.9450844248066906e-5,1668
21137,1,1,9.862711062016726e-6,417
21138,71,22,7.002524854031876e-4,29605
21150,7,5,6.90389774341171e-5,2919
21151,43,37,4.2409657566671926e-4,17930
21152,1,1,9.862711062016726e-6,417
21154,9,8,8.876439955815054e-5,3753
21156,1,1,9.862711062016726e-6,417
21174,1,1,9.862711062016726e-6,417
21360,7,7,6.90389774341171e-5,2919
21362,7,3,6.90389774341171e-5,2919
21450,13,12,1.2821524380621745e-4,5421
21451,14,13,1.380779548682342e-4,5838
21479,80,52,7.890168849613382e-4,33358
21480,21,17,2.0711693230235126e-4,8756
21481,7,7,6.90389774341171e-5,2919
21484,72,18,7.101151964652043e-4,30022
21486,1,1,9.862711062016726e-6,417
21493,14,6,1.380779548682342e-4,5838
21510,1,1,9.862711062016726e-6,417
21511,1,1,9.862711062016726e-6,417
21513,6,4,5.9176266372100366e-5,2502
21525,2,1,1.9725422124033453e-5,834
21528,1,1,9.862711062016726e-6,417
21529,11,11,1.08489821682184e-4,4587
21530,28,18,2.761559097364684e-4,11675
21531,9,6,8.876439955815054e-5,3753
21532,1,1,9.862711062016726e-6,417
21533,2,1,1.9725422124033453e-5,834
21534,57,22,5.621745305349535e-4,23767
21548,5,4,4.9313555310083636e-5,2085
21734,779,176,0.007683051917311031,324819
21736,8,3,7.890168849613381e-5,3336
21739,1,1,9.862711062016726e-6,417
21857,3,1,2.9588133186050183e-5,1251
21858,3,2,2.9588133186050183e-5,1251
21859,31,20,3.0574404292251856e-4,12926
21860,2,1,1.9725422124033453e-5,834
21861,60,13,5.917626637210036e-4,25018
21863,2,1,1.9725422124033453e-5,834
21899,1,1,9.862711062016726e-6,417
21900,9,6,8.876439955815054e-5,3753
21901,40,30,3.945084424806691e-4,16679
21905,5,5,4.9313555310083636e-5,2085
21906,14,7,1.380779548682342e-4,5838
21907,57,24,5.621745305349535e-4,23767
21908,24,11,2.3670506548840146e-4,10007
21910,39,20,3.8464573141865234e-4,16262
21926,12,7,1.1835253274420073e-4,5004
22111,2,2,1.9725422124033453e-5,834
22113,8,2,7.890168849613381e-5,3336
22114,4,4,3.9450844248066906e-5,1668
22235,2,2,1.9725422124033453e-5,834
22236,77,22,7.59428751775288e-4,32107
22237,119,43,0.0011736626163799905,49619
22254,720,226,0.007101151964652043,300218
22255,240,111,0.0023670506548840145,100073
22269,1,1,9.862711062016726e-6,417
22270,6,6,5.9176266372100366e-5,2502
22278,5,3,4.9313555310083636e-5,2085
22279,8,5,7.890168849613381e-5,3336
22281,88,31,8.67918573457472e-4,36693
22282,10,8,9.862711062016727e-5,4170
22491,1,1,9.862711062016726e-6,417
22494,2,2,1.9725422124033453e-5,834
22495,2,2,1.9725422124033453e-5,834
22626,30,4,2.958813318605018e-4,12509
22629,1,1,9.862711062016726e-6,417
22633,144,39,0.0014202303929304087,60044
22649,1,1,9.862711062016726e-6,417
22650,16,9,1.5780337699226762e-4,6672
22651,216,15,0.002130345589395613,90065
22652,3,2,2.9588133186050183e-5,1251
22655,6,4,5.9176266372100366e-5,2502
22668,4,3,3.9450844248066906e-5,1668
22697,1,1,9.862711062016726e-6,417
22873,10,5,9.862711062016727e-5,4170
22876,1,1,9.862711062016726e-6,417
22877,1,1,9.862711062016726e-6,417
23030,15,6,1.479406659302509e-4,6255
23031,19,5,1.8739151017831783e-4,7922
23032,96,20,9.468202619536059e-4,40029
23033,13,12,1.2821524380621745e-4,5421
23044,1,1,9.862711062016726e-6,417
23045,9,7,8.876439955815054e-5,3753
23046,25,14,2.4656777655041815e-4,10424
23047,3,3,2.9588133186050183e-5,1251
23048,115,30,0.0011342117721319237,47951
23075,28,11,2.761559097364684e-4,11675
23076,4,1,3.9450844248066906e-5,1668
23255,26,7,2.564304876124349e-4,10841
23256,6,2,5.9176266372100366e-5,2502
23257,2,2,1.9725422124033453e-5,834
23406,11,5,1.08489821682184e-4,4587
23407,1,1,9.862711062016726e-6,417
23420,56,18,5.523118194729368e-4,23350
23421,79,28,7.791541738993215e-4,32941
23422,165,11,0.00162734732523276,68800
23423,23,10,2.2684235442638472e-4,9590
23443,8,2,7.890168849613381e-5,3336
23444,1,1,9.862711062016726e-6,417
23456,4,1,3.9450844248066906e-5,1668
23457,34,6,3.3533217610856873e-4,14177
23458,23,4,2.2684235442638472e-4,9590
23637,9,4,8.876439955815054e-5,3753
23638,6,6,5.9176266372100366e-5,2502
23639,7,2,6.90389774341171e-5,2919
23640,2,2,1.9725422124033453e-5,834
23641,57,29,5.621745305349535e-4,23767
23642,2,1,1.9725422124033453e-5,834
23812,2,2,1.9725422124033453e-5,834
24023,3,3,2.9588133186050183e-5,1251
24024,12,9,1.1835253274420073e-4,5004
24025,203,115,0.0020021303455893956,84645
24026,20,4,1.9725422124033454e-4,8339
24027,411,339,0.004053574246488875,171374
24029,6,4,5.9176266372100366e-5,2502
24031,25,8,2.4656777655041815e-4,10424
24032,1,1,9.862711062016726e-6,417
24033,4,2,3.9450844248066906e-5,1668
24034,1,1,9.862711062016726e-6,417
24160,4,2,3.9450844248066906e-5,1668
24204,36,17,3.5505759823260217e-4,15011
24217,5,5,4.9313555310083636e-5,2085
24420,14,8,1.380779548682342e-4,5838
24421,912,326,0.008994792488559255,380276
24422,424,277,0.004181789490295093,176795
24424,3,1,2.9588133186050183e-5,1251
24425,6,3,5.9176266372100366e-5,2502
24427,2,2,1.9725422124033453e-5,834
24608,22,6,2.16979643364368e-4,9173
24609,30,8,2.958813318605018e-4,12509
24616,2,1,1.9725422124033453e-5,834
24623,4,4,3.9450844248066906e-5,1668
24813,35,32,3.451948871705854e-4,14594
24815,267,37,0.0026333438535584663,111331
24819,2,1,1.9725422124033453e-5,834
24821,1,1,9.862711062016726e-6,417
24822,1,1,9.862711062016726e-6,417
24930,13,8,1.2821524380621745e-4,5421
24987,7,6,6.90389774341171e-5,2919
24998,47,13,4.635474199147862e-4,19598
25021,8,4,7.890168849613381e-5,3336
25207,80,50,7.890168849613382e-4,33358
25209,1,1,9.862711062016726e-6,417
25210,2,2,1.9725422124033453e-5,834
25323,176,157,0.001735837146914944,73387
25375,472,206,0.0046551996212718955,196809
25392,1,1,9.862711062016726e-6,417
25395,1,1,9.862711062016726e-6,417
25597,1,1,9.862711062016726e-6,417
25626,28,14,2.761559097364684e-4,11675
25758,104,82,0.0010257219504497396,43365
26141,2,1,1.9725422124033453e-5,834
26518,20,13,1.9725422124033454e-4,8339
27124,4,3,3.9450844248066906e-5,1668
27125,55,24,5.4244910841092e-4,22933
27126,44,17,4.33959286728736e-4,18347
27127,1,1,9.862711062016726e-6,417
27129,106,8,0.0010454473725737732,44199
27497,2,1,1.9725422124033453e-5,834
27502,1,1,9.862711062016726e-6,417
27503,16,12,1.5780337699226762e-4,6672
27504,1,1,9.862711062016726e-6,417
27505,126,44,0.0012427015938141076,52538
27510,9,7,8.876439955815054e-5,3753
27874,2,1,1.9725422124033453e-5,834
27875,6,6,5.9176266372100366e-5,2502
27876,2,2,1.9725422124033453e-5,834
27878,4,4,3.9450844248066906e-5,1668
28030,1,1,9.862711062016726e-6,417
28031,51,27,5.029982641628531e-4,21265
28258,23,2,2.2684235442638472e-4,9590
28266,3,3,2.9588133186050183e-5,1251
28267,4,4,3.9450844248066906e-5,1668
28293,4,4,3.9450844248066906e-5,1668
28416,54,37,5.325863973489033e-4,22516
28417,8,7,7.890168849613381e-5,3336
28424,13,4,1.2821524380621745e-4,5421
28425,29,2,2.8601862079848507e-4,12092
28691,2,2,1.9725422124033453e-5,834
28807,55,18,5.4244910841092e-4,22933
28810,2,2,1.9725422124033453e-5,834
28815,376,161,0.0037083793593182895,156780
28823,292,60,0.0028799116301088845,121755
28825,100,6,9.862711062016726e-4,41697
29063,5,5,4.9313555310083636e-5,2085
29071,7,7,6.90389774341171e-5,2919
29072,4,3,3.9450844248066906e-5,1668
29092,1,1,9.862711062016726e-6,417
29093,43,23,4.2409657566671926e-4,17930
29094,1,1,9.862711062016726e-6,417
29210,9,6,8.876439955815054e-5,3753
29212,38,25,3.7478302035663565e-4,15845
29213,57,22,5.621745305349535e-4,23767
29214,79,22,7.791541738993215e-4,32941
29215,20,7,1.9725422124033454e-4,8339
29217,30,17,2.958813318605018e-4,12509
29218,45,24,4.438219977907527e-4,18764
29225,3,2,2.9588133186050183e-5,1251
29226,470,87,0.004635474199147862,195975
29227,2,2,1.9725422124033453e-5,834
29249,3,3,2.9588133186050183e-5,1251
29468,6,4,5.9176266372100366e-5,2502
29477,9,9,8.876439955815054e-5,3753
29478,8,8,7.890168849613381e-5,3336
29496,6,2,5.9176266372100366e-5,2502
29497,23,15,2.2684235442638472e-4,9590
29498,19,11,1.8739151017831783e-4,7922
29499,7,7,6.90389774341171e-5,2919
29615,27,17,2.6629319867445164e-4,11258
29616,3,3,2.9588133186050183e-5,1251
29617,92,62,9.073694177055389e-4,38361
29618,11,3,1.08489821682184e-4,4587
29619,68,37,6.706643522171375e-4,28354
29620,221,32,0.0021796591447056967,92150
29622,17,8,1.6766608805428437e-4,7088
29627,354,93,0.003491399715953921,147607
29628,1721,491,0.016973725737730788,717603
29882,2,1,1.9725422124033453e-5,834
29901,1,1,9.862711062016726e-6,417
29902,27,19,2.6629319867445164e-4,11258
29903,34,30,3.3533217610856873e-4,14177
30019,79,51,7.791541738993215e-4,32941
30028,816,320,0.00804797222660565,340247
30029,113,41,0.0011144863500078901,47117
30030,3,2,2.9588133186050183e-5,1251
30035,29,26,2.8601862079848507e-4,12092
30082,2,2,1.9725422124033453e-5,834
30311,36,5,3.5505759823260217e-4,15011
30312,4,1,3.9450844248066906e-5,1668
30313,210,92,0.0020711693230235128,87563
30314,1,1,9.862711062016726e-6,417
30315,3,2,2.9588133186050183e-5,1251
30438,213,59,0.0021007574562095627,88814
30439,784,263,0.007732365472621114,326904
30440,8,5,7.890168849613381e-5,3336
30445,2,2,1.9725422124033453e-5,834
30472,6,4,5.9176266372100366e-5,2502
30498,2,2,1.9725422124033453e-5,834
30729,1,1,9.862711062016726e-6,417
30731,608,303,0.0059965283257061705,253517
30733,63,37,6.213507969070538e-4,26269
30734,4,3,3.9450844248066906e-5,1668
30735,4,2,3.9450844248066906e-5,1668
30736,1,1,9.862711062016726e-6,417
30856,364,128,0.0035900268265740888,151777
30858,9,1,8.876439955815054e-5,3753
30864,1,1,9.862711062016726e-6,417
30868,12,4,1.1835253274420073e-4,5004
30873,2,2,1.9725422124033453e-5,834
30890,157,34,0.0015484456367366262,65464
30891,170,65,0.0016766608805428437,70885
31115,1,1,9.862711062016726e-6,417
31116,1,1,9.862711062016726e-6,417
31121,4,2,3.9450844248066906e-5,1668
31149,3,1,2.9588133186050183e-5,1251
31150,2,1,1.9725422124033453e-5,834
31151,998,855,0.009842985639892693,416135
31154,2,1,1.9725422124033453e-5,834
31156,2,1,1.9725422124033453e-5,834
31276,76,63,7.495660407132713e-4,31690
31277,72,44,7.101151964652043e-4,30022
31278,297,95,0.002929225185418968,123840
31282,7,7,6.90389774341171e-5,2919
31283,4,1,3.9450844248066906e-5,1668
31286,1,1,9.862711062016726e-6,417
31293,2,1,1.9725422124033453e-5,834
31294,114,67,0.001124349061069907,47534
31311,142,64,0.0014005049708063753,59210
31312,336,75,0.00331387091683762,140102
31553,5,2,4.9313555310083636e-5,2085
31554,2,1,1.9725422124033453e-5,834
31571,1,1,9.862711062016726e-6,417
31572,30,30,2.958813318605018e-4,12509
31573,155,121,0.0015287202146125928,64630
31574,31,21,3.0574404292251856e-4,12926
31575,8,4,7.890168849613381e-5,3336
31577,5,4,4.9313555310083636e-5,2085
31697,222,113,0.0021895218557677135,92567
31698,43,6,4.2409657566671926e-4,17930
31699,12,11,1.1835253274420073e-4,5004
31706,1,1,9.862711062016726e-6,417
31713,2,2,1.9725422124033453e-5,834
31714,7,6,6.90389774341171e-5,2919
31715,233,58,0.0022980116774498974,97154
31998,26,22,2.564304876124349e-4,10841
31999,5,4,4.9313555310083636e-5,2085
32000,35,16,3.451948871705854e-4,14594
32002,2,1,1.9725422124033453e-5,834
32003,14,14,1.380779548682342e-4,5838
32004,2,1,1.9725422124033453e-5,834
32005,1,1,9.862711062016726e-6,417
32123,777,205,0.007663326495186997,323985
32125,7,1,6.90389774341171e-5,2919
32129,1,1,9.862711062016726e-6,417
32130,8,3,7.890168849613381e-5,3336
32132,2,1,1.9725422124033453e-5,834
32137,205,79,0.002021855767713429,85479
32138,10,3,9.862711062016727e-5,4170
32139,314,89,0.0030968912734732523,130928
32140,2,2,1.9725422124033453e-5,834
32162,2,2,1.9725422124033453e-5,834
32424,1,1,9.862711062016726e-6,417
32438,1,1,9.862711062016726e-6,417
32439,16,12,1.5780337699226762e-4,6672
32440,88,66,8.67918573457472e-4,36693
32441,1108,362,0.010927883856714534,462002
32443,9,1,8.876439955815054e-5,3753
32445,12,4,1.1835253274420073e-4,5004
32446,238,141,0.002347325232759981,99239
32447,64,52,6.312135079690705e-4,26686
32448,39,33,3.8464573141865234e-4,16262
32449,19,14,1.8739151017831783e-4,7922
32565,276,113,0.0027221082531166166,115083
32566,104,36,0.0010257219504497396,43365
32567,192,55,0.0018936405239072117,80058
32572,136,10,0.001341328704434275,56708
32578,34,19,3.3533217610856873e-4,14177
32579,148,18,0.0014596812371784756,61711
32598,13,4,1.2821524380621745e-4,5421
32604,1,1,9.862711062016726e-6,417
32605,34,12,3.3533217610856873e-4,14177
32844,2,1,1.9725422124033453e-5,834
32845,1,1,9.862711062016726e-6,417
32846,44,27,4.33959286728736e-4,18347
32881,6,3,5.9176266372100366e-5,2502
32882,156,93,0.0015385829256746094,65047
32883,19,14,1.8739151017831783e-4,7922
32889,2,2,1.9725422124033453e-5,834
32891,28,20,2.761559097364684e-4,11675
32892,4,3,3.9450844248066906e-5,1668
32893,1,1,9.862711062016726e-6,417
33009,58,31,5.720372415969701e-4,24184
33010,26,15,2.564304876124349e-4,10841
33014,12,5,1.1835253274420073e-4,5004
33019,2,1,1.9725422124033453e-5,834
33020,10,8,9.862711062016727e-5,4170
33023,29,19,2.8601862079848507e-4,12092
33051,5,1,4.9313555310083636e-5,2085
33052,5,1,4.9313555310083636e-5,2085
33053,37,20,3.649203092946189e-4,15428
33288,2,1,1.9725422124033453e-5,834
33324,1,1,9.862711062016726e-6,417
33327,70,32,6.903897743411708e-4,29188
33330,2,2,1.9725422124033453e-5,834
33336,1,1,9.862711062016726e-6,417
33337,2,1,1.9725422124033453e-5,834
33340,82,51,8.087423070853717e-4,34191
33341,6,3,5.9176266372100366e-5,2502
33453,218,120,0.0021500710115196467,90899
33457,29,2,2.8601862079848507e-4,12092
33458,2,2,1.9725422124033453e-5,834
33463,3,3,2.9588133186050183e-5,1251
33465,1,1,9.862711062016726e-6,417
33494,1,1,9.862711062016726e-6,417
33733,3,2,2.9588133186050183e-5,1251
33781,52,34,5.128609752248698e-4,21682
33782,1,1,9.862711062016726e-6,417
33895,1,1,9.862711062016726e-6,417
33896,34,25,3.3533217610856873e-4,14177
33897,33,19,3.25469465046552e-4,13760
33903,74,36,7.298406185892378e-4,30856
33904,65,28,6.410762190310873e-4,27103
34177,59,24,5.818999526589869e-4,24601
34183,6,4,5.9176266372100366e-5,2502
34213,4,3,3.9450844248066906e-5,1668
34215,3,1,2.9588133186050183e-5,1251
34216,60,46,5.917626637210036e-4,25018
34227,21,1,2.0711693230235126e-4,8756
34228,14,6,1.380779548682342e-4,5838
34341,60,24,5.917626637210036e-4,25018
34342,66,26,6.50938930093104e-4,27520
34348,7,6,6.90389774341171e-5,2919
34374,1,1,9.862711062016726e-6,417
34620,154,62,0.001518857503550576,64213
34654,1,1,9.862711062016726e-6,417
34655,3,2,2.9588133186050183e-5,1251
34661,2,2,1.9725422124033453e-5,834
34662,3,3,2.9588133186050183e-5,1251
34677,3,3,2.9588133186050183e-5,1251
34782,1,1,9.862711062016726e-6,417
34783,7,4,6.90389774341171e-5,2919
34784,4,4,3.9450844248066906e-5,1668
34789,1,1,9.862711062016726e-6,417
34826,105,34,0.0010355846615117564,43782
34829,1,1,9.862711062016726e-6,417
34976,8,2,7.890168849613381e-5,3336
35095,1,1,9.862711062016726e-6,417
35111,2,2,1.9725422124033453e-5,834
35112,4,4,3.9450844248066906e-5,1668
35113,6,6,5.9176266372100366e-5,2502
35114,6,3,5.9176266372100366e-5,2502
35261,7,6,6.90389774341171e-5,2919
35262,129,68,0.0012722897270001578,53789
35273,32,25,3.1560675398453525e-4,13343
35425,5,2,4.9313555310083636e-5,2085
35426,106,47,0.0010454473725737732,44199
35554,4,4,3.9450844248066906e-5,1668
35555,9,7,8.876439955815054e-5,3753
35557,1,1,9.862711062016726e-6,417
35561,42,9,4.142338646047025e-4,17513
35562,4,3,3.9450844248066906e-5,1668
35563,1,1,9.862711062016726e-6,417
35575,128,58,0.001262427015938141,53372
35577,9,7,8.876439955815054e-5,3753
35686,4,4,3.9450844248066906e-5,1668
35720,2,2,1.9725422124033453e-5,834
35721,3,3,2.9588133186050183e-5,1251
35733,202,51,0.001992267634527379,84228
35734,2,2,1.9725422124033453e-5,834
35735,17,13,1.6766608805428437e-4,7088
35888,421,68,0.004152201357109042,175544
35889,15,11,1.479406659302509e-4,6255
36009,1,1,9.862711062016726e-6,417
36014,6,5,5.9176266372100366e-5,2502
36017,19,11,1.8739151017831783e-4,7922
36020,7,6,6.90389774341171e-5,2919
36023,8,3,7.890168849613381e-5,3336
36027,10,9,9.862711062016727e-5,4170
36034,1,1,9.862711062016726e-6,417
36035,50,37,4.931355531008363e-4,20848
36036,99,47,9.76408395139656e-4,41280
36037,11,9,1.08489821682184e-4,4587
36038,89,38,8.777812845194887e-4,37110
36147,201,42,0.001982404923465362,83811
36361,677,157,0.006677055388985324,282288
36362,207,83,0.0020415811898374624,86313
36363,33,20,3.25469465046552e-4,13760
36461,3,3,2.9588133186050183e-5,1251
36462,3,2,2.9588133186050183e-5,1251
36476,5,3,4.9313555310083636e-5,2085
36477,1,1,9.862711062016726e-6,417
36479,242,110,0.002386776077008048,100906
36496,1,1,9.862711062016726e-6,417
36497,2,2,1.9725422124033453e-5,834
36504,2,2,1.9725422124033453e-5,834
36506,10,8,9.862711062016727e-5,4170
36614,1,1,9.862711062016726e-6,417
36835,18,11,1.7752879911630108e-4,7505
36836,569,232,0.005611882594287518,237255
36837,40,27,3.945084424806691e-4,16679
36934,49,27,4.832728420388196e-4,20431
36942,1,1,9.862711062016726e-6,417
36944,20,5,1.9725422124033454e-4,8339
36950,660,194,0.00650938930093104,275199
36951,3,1,2.9588133186050183e-5,1251
36966,15,15,1.479406659302509e-4,6255
37085,14,6,1.380779548682342e-4,5838
37318,1,1,9.862711062016726e-6,417
37319,6,1,5.9176266372100366e-5,2502
37416,19,13,1.8739151017831783e-4,7922
37430,705,300,0.006953211298721793,293963
37431,1842,499,0.01816711377623481,768057
37564,1,1,9.862711062016726e-6,417
37567,13,13,1.2821524380621745e-4,5421
37801,55,29,5.4244910841092e-4,22933
37802,89,23,8.777812845194887e-4,37110
37803,24,5,2.3670506548840146e-4,10007
37913,4,2,3.9450844248066906e-5,1668
37926,8,3,7.890168849613381e-5,3336
37927,3,3,2.9588133186050183e-5,1251
37934,4,3,3.9450844248066906e-5,1668
37936,147,27,0.0014498185261164588,61294
37944,3,2,2.9588133186050183e-5,1251
37945,23,12,2.2684235442638472e-4,9590
38051,14,4,1.380779548682342e-4,5838
38052,34,7,3.3533217610856873e-4,14177
38292,1,1,9.862711062016726e-6,417
38293,191,120,0.001883777812845195,79641
38294,5,2,4.9313555310083636e-5,2085
38379,51,7,5.029982641628531e-4,21265
38392,4,4,3.9450844248066906e-5,1668
38403,3,1,2.9588133186050183e-5,1251
38415,416,190,0.004102887801798958,173459
38416,12,7,1.1835253274420073e-4,5004
38417,21,21,2.0711693230235126e-4,8756
38418,73,58,7.199779075272211e-4,30439
38434,7,7,6.90389774341171e-5,2919
38538,4,2,3.9450844248066906e-5,1668
38540,1,1,9.862711062016726e-6,417
38779,4,4,3.9450844248066906e-5,1668
38780,6,5,5.9176266372100366e-5,2502
38864,14,2,1.380779548682342e-4,5838
38867,46,7,4.5368470885276944e-4,19181
38879,44,13,4.33959286728736e-4,18347
38881,12,9,1.1835253274420073e-4,5004
38882,6,6,5.9176266372100366e-5,2502
38893,2,1,1.9725422124033453e-5,834
38905,188,79,0.0018541896796591447,78390
38921,3,3,2.9588133186050183e-5,1251
38922,2,1,1.9725422124033453e-5,834
38923,6,5,5.9176266372100366e-5,2502
38924,1,1,9.862711062016726e-6,417
39027,21,12,2.0711693230235126e-4,8756
39028,14,6,1.380779548682342e-4,5838
39029,1,1,9.862711062016726e-6,417
39356,34,2,3.3533217610856873e-4,14177
39359,39,11,3.8464573141865234e-4,16262
39383,20,15,1.9725422124033454e-4,8339
39384,9,9,8.876439955815054e-5,3753
39402,49,27,4.832728420388196e-4,20431
39403,2,2,1.9725422124033453e-5,834
39411,1,1,9.862711062016726e-6,417
39412,5,3,4.9313555310083636e-5,2085
39413,24,10,2.3670506548840146e-4,10007
39415,137,60,0.0013511914154962915,57125
39417,40,3,3.945084424806691e-4,16679
39419,31,3,3.0574404292251856e-4,12926
39422,10,6,9.862711062016727e-5,4170
39519,18,8,1.7752879911630108e-4,7505
39520,3,3,2.9588133186050183e-5,1251
39872,1,1,9.862711062016726e-6,417
39874,27,19,2.6629319867445164e-4,11258
39892,291,78,0.0028700489190468677,121338
39893,17,9,1.6766608805428437e-4,7088
39894,68,17,6.706643522171375e-4,28354
39895,80,23,7.890168849613382e-4,33358
39902,1,1,9.862711062016726e-6,417
39903,1,1,9.862711062016726e-6,417
39909,29,24,2.8601862079848507e-4,12092
39910,60,25,5.917626637210036e-4,25018
39911,141,54,0.0013906422597443585,58793
39912,8,7,7.890168849613381e-5,3336
39913,10,8,9.862711062016727e-5,4170
39914,26,10,2.564304876124349e-4,10841
39915,14,5,1.380779548682342e-4,5838
39916,55,26,5.4244910841092e-4,22933
39917,51,35,5.029982641628531e-4,21265
39918,86,59,8.481931513334385e-4,35859
39920,2,2,1.9725422124033453e-5,834
39921,237,43,0.002337462521697964,98822
40013,11,4,1.08489821682184e-4,4587
40014,2,1,1.9725422124033453e-5,834
40082,3,1,2.9588133186050183e-5,1251
40083,1,1,9.862711062016726e-6,417
40370,1,1,9.862711062016726e-6,417
40371,277,134,0.0027319709641786334,115500
40372,14,14,1.380779548682342e-4,5838
40410,8,8,7.890168849613381e-5,3336
40412,32,23,3.1560675398453525e-4,13343
40413,2,2,1.9725422124033453e-5,834
40414,2,2,1.9725422124033453e-5,834
40416,153,102,0.0015089947924885592,63796
40417,4,4,3.9450844248066906e-5,1668
40418,1,1,9.862711062016726e-6,417
40420,46,34,4.5368470885276944e-4,19181
40514,1,1,9.862711062016726e-6,417
40872,17,6,1.6766608805428437e-4,7088
40874,142,58,0.0014005049708063753,59210
40875,105,26,0.0010355846615117564,43782
40919,1,1,9.862711062016726e-6,417
40922,68,40,6.706643522171375e-4,28354
40923,85,60,8.383304402714218e-4,35442
41024,12,1,1.1835253274420073e-4,5004
41380,1,1,9.862711062016726e-6,417
41381,46,12,4.5368470885276944e-4,19181
41382,75,31,7.397033296512545e-4,31273
41383,111,42,0.0010947609278838567,46284
41431,5,2,4.9313555310083636e-5,2085
41433,57,37,5.621745305349535e-4,23767
41455,6,3,5.9176266372100366e-5,2502
41504,8,3,7.890168849613381e-5,3336
41505,13,7,1.2821524380621745e-4,5421
41532,3,1,2.9588133186050183e-5,1251
41533,12,5,1.1835253274420073e-4,5004
41593,2,2,1.9725422124033453e-5,834
41892,12,10,1.1835253274420073e-4,5004
41895,49,29,4.832728420388196e-4,20431
41896,19,14,1.8739151017831783e-4,7922
41899,19,17,1.8739151017831783e-4,7922
41900,7,7,6.90389774341171e-5,2919
42018,6,4,5.9176266372100366e-5,2502
42019,18,5,1.7752879911630108e-4,7505
42022,44,16,4.33959286728736e-4,18347
42023,273,80,0.0026925201199305667,113833
42046,5,2,4.9313555310083636e-5,2085
42137,19,1,1.8739151017831783e-4,7922
42417,1,1,9.862711062016726e-6,417
42419,248,112,0.0024459523433801485,103408
42420,880,502,0.00867918573457472,366933
42421,67,65,6.608016411551207e-4,27937
42422,9,9,8.876439955815054e-5,3753
42468,22,10,2.16979643364368e-4,9173
42469,118,38,0.0011637999053179739,49202
42470,30,29,2.958813318605018e-4,12509
42544,4,2,3.9450844248066906e-5,1668
42545,5,4,4.9313555310083636e-5,2085
42618,3,3,2.9588133186050183e-5,1251
42942,12,10,1.1835253274420073e-4,5004
42944,7,4,6.90389774341171e-5,2919
42952,2,1,1.9725422124033453e-5,834
42955,25,18,2.4656777655041815e-4,10424
42973,1,1,9.862711062016726e-6,417
42984,5,3,4.9313555310083636e-5,2085
43004,75,19,7.397033296512545e-4,31273
43080,1,1,9.862711062016726e-6,417
43179,20,13,1.9725422124033454e-4,8339
43532,30,22,2.958813318605018e-4,12509
43672,22,11,2.16979643364368e-4,9173
43779,66,12,6.50938930093104e-4,27520
44061,16,8,1.5780337699226762e-4,6672
44145,1,1,9.862711062016726e-6,417
44261,4,2,3.9450844248066906e-5,1668
44310,109,11,0.0010750355057598234,45450
44594,119,72,0.0011736626163799905,49619
44595,26,12,2.564304876124349e-4,10841
44680,14,11,1.380779548682342e-4,5838
44794,28,10,2.761559097364684e-4,11675
44796,6,6,5.9176266372100366e-5,2502
45130,17,8,1.6766608805428437e-4,7088
45299,1,1,9.862711062016726e-6,417
45331,3,1,2.9588133186050183e-5,1251
45379,2,2,1.9725422124033453e-5,834
45670,129,29,0.0012722897270001578,53789
45875,565,135,0.005572431750039451,235587
45876,33,13,3.25469465046552e-4,13760
45923,6,4,5.9176266372100366e-5,2502
46178,25,13,2.4656777655041815e-4,10424
46206,3,3,2.9588133186050183e-5,1251
46211,19,4,1.8739151017831783e-4,7922
46217,6,4,5.9176266372100366e-5,2502
46218,3,3,2.9588133186050183e-5,1251
46221,36,8,3.5505759823260217e-4,15011
46341,2,1,1.9725422124033453e-5,834
46429,3,3,2.9588133186050183e-5,1251
46430,333,102,0.00328428278365157,138851
46431,1,1,9.862711062016726e-6,417
46435,37,10,3.649203092946189e-4,15428
46476,192,85,0.0018936405239072117,80058
46477,29,16,2.8601862079848507e-4,12092
46777,68,20,6.706643522171375e-4,28354
46925,1,1,9.862711062016726e-6,417
46963,750,76,0.007397033296512545,312727
46987,1,1,9.862711062016726e-6,417
46988,1,1,9.862711062016726e-6,417
46989,114,56,0.001124349061069907,47534
46992,7,3,6.90389774341171e-5,2919
46993,4,4,3.9450844248066906e-5,1668
47292,66,37,6.50938930093104e-4,27520
47315,183,60,0.0018048761243490612,76305
47317,375,101,0.0036985166482562727,156363
47332,93,32,9.172321287675557e-4,38778
47346,4,4,3.9450844248066906e-5,1668
47381,6,6,5.9176266372100366e-5,2502
47422,16,9,1.5780337699226762e-4,6672
47510,4,2,3.9450844248066906e-5,1668
47521,1,1,9.862711062016726e-6,417
47523,6,4,5.9176266372100366e-5,2502
47524,280,43,0.0027615590973646834,116751
47525,3,3,2.9588133186050183e-5,1251
47526,14,1,1.380779548682342e-4,5838
47527,47,11,4.635474199147862e-4,19598
47548,1,1,9.862711062016726e-6,417
47549,7,7,6.90389774341171e-5,2919
47552,7,2,6.90389774341171e-5,2919
47555,3,2,2.9588133186050183e-5,1251
47556,34,5,3.3533217610856873e-4,14177
47853,19,12,1.8739151017831783e-4,7922
47880,1008,333,0.009941612750512861,420305
47881,1901,862,0.018749013728893798,792658
47884,15,8,1.479406659302509e-4,6255
47885,1,1,9.862711062016726e-6,417
47894,130,46,0.0012821524380621746,54206
47987,2,1,1.9725422124033453e-5,834
48038,1,1,9.862711062016726e-6,417
48051,10,2,9.862711062016727e-5,4170
48052,6,2,5.9176266372100366e-5,2502
48076,68,26,6.706643522171375e-4,28354
48086,12,9,1.1835253274420073e-4,5004
48090,1,1,9.862711062016726e-6,417
48091,2,1,1.9725422124033453e-5,834
48092,1,1,9.862711062016726e-6,417
48093,24,9,2.3670506548840146e-4,10007
48114,12,7,1.1835253274420073e-4,5004
48115,128,76,0.001262427015938141,53372
48116,2,1,1.9725422124033453e-5,834
48118,238,49,0.002347325232759981,99239
48453,3,3,2.9588133186050183e-5,1251
48454,10,6,9.862711062016727e-5,4170
48469,4,1,3.9450844248066906e-5,1668
48515,5,4,4.9313555310083636e-5,2085
48556,11,4,1.08489821682184e-4,4587
48557,15,8,1.479406659302509e-4,6255
48621,2,1,1.9725422124033453e-5,834
48647,6,2,5.9176266372100366e-5,2502
48665,153,32,0.0015089947924885592,63796
48688,10,4,9.862711062016727e-5,4170
48691,2,2,1.9725422124033453e-5,834
48696,18,5,1.7752879911630108e-4,7505
48778,4,4,3.9450844248066906e-5,1668
49013,64,41,6.312135079690705e-4,26686
49014,3,3,2.9588133186050183e-5,1251
49037,38,25,3.7478302035663565e-4,15845
49227,5,1,4.9313555310083636e-5,2085
49257,102,38,0.0010059965283257062,42531
49265,375,128,0.0036985166482562727,156363
49562,3,3,2.9588133186050183e-5,1251
49585,11,2,1.08489821682184e-4,4587
49741,1,1,9.862711062016726e-6,417
49787,1,1,9.862711062016726e-6,417
49788,4,3,3.9450844248066906e-5,1668
49795,2,2,1.9725422124033453e-5,834
49819,4,2,3.9450844248066906e-5,1668
49822,1,1,9.862711062016726e-6,417
49823,1,1,9.862711062016726e-6,417
49829,4,2,3.9450844248066906e-5,1668
50126,103,61,0.001015859239387723,42948
50141,2,2,1.9725422124033453e-5,834
50142,21,16,2.0711693230235126e-4,8756
50146,23,10,2.2684235442638472e-4,9590
50147,14,3,1.380779548682342e-4,5838
50148,14,10,1.380779548682342e-4,5838
50152,21,10,2.0711693230235126e-4,8756
50153,1,1,9.862711062016726e-6,417
50297,2,1,1.9725422124033453e-5,834
50345,34,8,3.3533217610856873e-4,14177
50352,67,37,6.608016411551207e-4,27937
50353,15,7,1.479406659302509e-4,6255
50381,2,2,1.9725422124033453e-5,834
50390,25,14,2.4656777655041815e-4,10424
50391,3,3,2.9588133186050183e-5,1251
50392,2,2,1.9725422124033453e-5,834
50707,26,16,2.564304876124349e-4,10841
50713,7,3,6.90389774341171e-5,2919
50856,1,1,9.862711062016726e-6,417
50900,2,1,1.9725422124033453e-5,834
50903,1482,133,0.01461653779390879,617948
50904,472,122,0.0046551996212718955,196809
50910,2,2,1.9725422124033453e-5,834
50912,16,9,1.5780337699226762e-4,6672
50939,5,3,4.9313555310083636e-5,2085
50940,2,2,1.9725422124033453e-5,834
50946,3,3,2.9588133186050183e-5,1251
50948,270,105,0.0026629319867445163,112582
50949,220,47,0.00216979643364368,91733
50950,1,1,9.862711062016726e-6,417
50951,2,2,1.9725422124033453e-5,834
50952,43,30,4.2409657566671926e-4,17930
51250,23,8,2.2684235442638472e-4,9590
51251,2,2,1.9725422124033453e-5,834
51257,31,12,3.0574404292251856e-4,12926
51264,1,1,9.862711062016726e-6,417
51265,14,7,1.380779548682342e-4,5838
51455,3,3,2.9588133186050183e-5,1251
51457,19,6,1.8739151017831783e-4,7922
51458,19,9,1.8739151017831783e-4,7922
51459,13,8,1.2821524380621745e-4,5421
51495,12,6,1.1835253274420073e-4,5004
51496,1,1,9.862711062016726e-6,417
51502,43,15,4.2409657566671926e-4,17930
51504,4,3,3.9450844248066906e-5,1668
51505,536,187,0.005286413129240965,223495
51506,35,12,3.451948871705854e-4,14594
51507,46,33,4.5368470885276944e-4,19181
51510,2,2,1.9725422124033453e-5,834
51534,9,5,8.876439955815054e-5,3753
51807,9,7,8.876439955815054e-5,3753
51808,27,22,2.6629319867445164e-4,11258
51813,2,2,1.9725422124033453e-5,834
51820,5,5,4.9313555310083636e-5,2085
52008,8,6,7.890168849613381e-5,3336
52010,3,1,2.9588133186050183e-5,1251
52011,236,54,0.0023275998106359478,98405
52012,8,7,7.890168849613381e-5,3336
52060,307,120,0.003027852296039135,128009
52061,274,250,0.002702382830992583,114249
52063,11,9,1.08489821682184e-4,4587
52064,12,9,1.1835253274420073e-4,5004
52090,2,2,1.9725422124033453e-5,834
52364,17,11,1.6766608805428437e-4,7088
52365,1,1,9.862711062016726e-6,417
52370,2,1,1.9725422124033453e-5,834
52526,6,3,5.9176266372100366e-5,2502
52531,13,6,1.2821524380621745e-4,5421
52563,9,2,8.876439955815054e-5,3753
52564,517,142,0.005099021619062648,215573
52565,35,5,3.451948871705854e-4,14594
52580,92,11,9.073694177055389e-4,38361
52606,70,32,6.903897743411708e-4,29188
52612,28,9,2.761559097364684e-4,11675
52615,12,5,1.1835253274420073e-4,5004
52616,21,21,2.0711693230235126e-4,8756
52700,4,4,3.9450844248066906e-5,1668
52917,1,1,9.862711062016726e-6,417
52921,1,1,9.862711062016726e-6,417
52925,5,3,4.9313555310083636e-5,2085
53080,4,1,3.9450844248066906e-5,1668
53081,6,3,5.9176266372100366e-5,2502
53114,700,160,0.006903897743411709,291878
53115,48,13,4.734101309768029e-4,20015
53131,17,5,1.6766608805428437e-4,7088
53665,86,23,8.481931513334385e-4,35859
53666,36,23,3.5505759823260217e-4,15011
53667,4,1,3.9450844248066906e-5,1668
53732,2,1,1.9725422124033453e-5,834
54017,7,5,6.90389774341171e-5,2919
54018,5,5,4.9313555310083636e-5,2085
54210,309,99,0.003047577718163169,128843
54211,843,197,0.0083142654252801,351505
54212,2,2,1.9725422124033453e-5,834
54277,33,6,3.25469465046552e-4,13760
54311,1,1,9.862711062016726e-6,417
54723,1,1,9.862711062016726e-6,417
54725,1,1,9.862711062016726e-6,417
54726,3,2,2.9588133186050183e-5,1251
54759,1,1,9.862711062016726e-6,417
54760,161,32,0.0015878964809846931,67132
54761,119,28,0.0011736626163799905,49619
54795,1,1,9.862711062016726e-6,417
54811,6,3,5.9176266372100366e-5,2502
54827,202,70,0.001992267634527379,84228
54828,1,1,9.862711062016726e-6,417
54862,105,56,0.0010355846615117564,43782
55265,18,14,1.7752879911630108e-4,7505
55277,1,1,9.862711062016726e-6,417
55278,2,2,1.9725422124033453e-5,834
55279,18,5,1.7752879911630108e-4,7505
55312,4,3,3.9450844248066906e-5,1668
55313,1,1,9.862711062016726e-6,417
55314,3,3,2.9588133186050183e-5,1251
55319,1,1,9.862711062016726e-6,417
55323,7,1,6.90389774341171e-5,2919
55349,6,5,5.9176266372100366e-5,2502
55365,46,12,4.5368470885276944e-4,19181
55382,16,11,1.5780337699226762e-4,6672
55430,6,5,5.9176266372100366e-5,2502
55828,2,2,1.9725422124033453e-5,834
55879,315,22,0.003106753984535269,131345
55880,354,50,0.003491399715953921,147607
55881,4,3,3.9450844248066906e-5,1668
55911,2,1,1.9725422124033453e-5,834
55913,25,25,2.4656777655041815e-4,10424
56165,1,1,9.862711062016726e-6,417
56240,2,1,1.9725422124033453e-5,834
56331,13,1,1.2821524380621745e-4,5421
56393,10,3,9.862711062016727e-5,4170
56394,14,6,1.380779548682342e-4,5838
56407,16,11,1.5780337699226762e-4,6672
56408,19,14,1.8739151017831783e-4,7922
56410,8,2,7.890168849613381e-5,3336
56438,161,76,0.0015878964809846931,67132
56446,1,1,9.862711062016726e-6,417
56447,20,7,1.9725422124033454e-4,8339
56449,66,25,6.50938930093104e-4,27520
56450,157,81,0.0015484456367366262,65464
56463,3,1,2.9588133186050183e-5,1251
56476,1048,73,0.01033612119299353,436983
56492,24,13,2.3670506548840146e-4,10007
56509,35,23,3.451948871705854e-4,14594
56787,44,27,4.33959286728736e-4,18347
56806,6,2,5.9176266372100366e-5,2502
56958,331,38,0.0032645573615275366,138017
56959,72,27,7.101151964652043e-4,30022
57015,114,62,0.001124349061069907,47534
57044,1,1,9.862711062016726e-6,417
57055,3,1,2.9588133186050183e-5,1251
57463,31,6,3.0574404292251856e-4,12926
57530,31,17,3.0574404292251856e-4,12926
57531,42,27,4.142338646047025e-4,17513
57532,7,1,6.90389774341171e-5,2919
57585,1,1,9.862711062016726e-6,417
57586,5,4,4.9313555310083636e-5,2085
57609,16,13,1.5780337699226762e-4,6672
58021,1,1,9.862711062016726e-6,417
58103,16,9,1.5780337699226762e-4,6672
58104,8,6,7.890168849613381e-5,3336
58157,88,44,8.67918573457472e-4,36693
58182,59,20,5.818999526589869e-4,24601
58183,1,1,9.862711062016726e-6,417
58598,15,1,1.479406659302509e-4,6255
58617,1,1,9.862711062016726e-6,417
58650,5,5,4.9313555310083636e-5,2085
58668,9,8,8.876439955815054e-5,3753
58684,127,54,0.0012525643048761244,52955
58685,716,109,0.007061701120403977,298550
58686,42,23,4.142338646047025e-4,17513
58758,9,6,8.876439955815054e-5,3753
58760,6,4,5.9176266372100366e-5,2502
58761,582,210,0.0057400978380937355,242676
59080,39,11,3.8464573141865234e-4,16262
59262,5,2,4.9313555310083636e-5,2085
59263,346,144,0.0034124980274577877,144271
59264,286,139,0.002820735363736784,119253
59316,3,2,2.9588133186050183e-5,1251
59327,21,6,2.0711693230235126e-4,8756
59329,2,1,1.9725422124033453e-5,834
59342,458,131,0.004517121666403661,190972
59845,463,205,0.004566435221713744,193057
59846,89,43,8.777812845194887e-4,37110
59847,27,10,2.6629319867445164e-4,11258
60250,8,8,7.890168849613381e-5,3336
60422,27,17,2.6629319867445164e-4,11258
60426,13,4,1.2821524380621745e-4,5421
60427,15,10,1.479406659302509e-4,6255
60428,69,40,6.805270632791542e-4,28771
60429,32,9,3.1560675398453525e-4,13343
60483,1,1,9.862711062016726e-6,417
60831,22,10,2.16979643364368e-4,9173
60971,11,10,1.08489821682184e-4,4587
61009,6,5,5.9176266372100366e-5,2502
61010,19,12,1.8739151017831783e-4,7922
61011,34,9,3.3533217610856873e-4,14177
61063,8,3,7.890168849613381e-5,3336
61064,692,162,0.006824996054915575,288542
61066,2,1,1.9725422124033453e-5,834
61070,2,2,1.9725422124033453e-5,834
61531,1,1,9.862711062016726e-6,417
61587,13,11,1.2821524380621745e-4,5421
61640,10,3,9.862711062016727e-5,4170
61643,77,41,7.59428751775288e-4,32107
61644,6,3,5.9176266372100366e-5,2502
61645,1,1,9.862711062016726e-6,417
61650,4,2,3.9450844248066906e-5,1668
61658,22,9,2.16979643364368e-4,9173
61659,23,12,2.2684235442638472e-4,9590
61660,4,3,3.9450844248066906e-5,1668
61670,1,1,9.862711062016726e-6,417
61679,4,3,3.9450844248066906e-5,1668
62164,26,19,2.564304876124349e-4,10841
62165,135,48,0.0013314659933722581,56291
62221,2,1,1.9725422124033453e-5,834
62233,5,1,4.9313555310083636e-5,2085
62238,44,20,4.33959286728736e-4,18347
62250,2,2,1.9725422124033453e-5,834
62251,6,3,5.9176266372100366e-5,2502
62257,2,2,1.9725422124033453e-5,834
62536,105,41,0.0010355846615117564,43782
62742,1,1,9.862711062016726e-6,417
62793,1,1,9.862711062016726e-6,417
62801,4,1,3.9450844248066906e-5,1668
62802,1,1,9.862711062016726e-6,417
62825,358,129,0.0035308505602019884,149275
62826,319,193,0.003146204828783336,133013
62832,3,3,2.9588133186050183e-5,1251
63111,5,5,4.9313555310083636e-5,2085
63239,1,1,9.862711062016726e-6,417
63240,1,1,9.862711062016726e-6,417
63372,60,17,5.917626637210036e-4,25018
63373,11,10,1.08489821682184e-4,4587
63374,7,7,6.90389774341171e-5,2919
63375,3,2,2.9588133186050183e-5,1251
63384,3,3,2.9588133186050183e-5,1251
63402,13,10,1.2821524380621745e-4,5421
63888,28,16,2.761559097364684e-4,11675
63889,11,8,1.08489821682184e-4,4587
63945,3,2,2.9588133186050183e-5,1251
63946,3,2,2.9588133186050183e-5,1251
63954,1,1,9.862711062016726e-6,417
63963,10,1,9.862711062016727e-5,4170
63970,7,3,6.90389774341171e-5,2919
63971,20,12,1.9725422124033454e-4,8339
63973,1,1,9.862711062016726e-6,417
64376,4,2,3.9450844248066906e-5,1668
64378,1,1,9.862711062016726e-6,417
64387,4,4,3.9450844248066906e-5,1668
64389,7,5,6.90389774341171e-5,2919
64391,7,3,6.90389774341171e-5,2919
64395,18,12,1.7752879911630108e-4,7505
64458,7,3,6.90389774341171e-5,2919
64459,8,6,7.890168849613381e-5,3336
64536,19,15,1.8739151017831783e-4,7922
64546,25,14,2.4656777655041815e-4,10424
64550,3,3,2.9588133186050183e-5,1251
64826,11,6,1.08489821682184e-4,4587
64827,8,3,7.890168849613381e-5,3336
64828,2,1,1.9725422124033453e-5,834
64952,25,10,2.4656777655041815e-4,10424
64953,10,10,9.862711062016727e-5,4170
64957,1,1,9.862711062016726e-6,417
64958,2,2,1.9725422124033453e-5,834
64961,1,1,9.862711062016726e-6,417
64965,3,3,2.9588133186050183e-5,1251
65107,5,3,4.9313555310083636e-5,2085
65124,8,8,7.890168849613381e-5,3336
65400,7,5,6.90389774341171e-5,2919
65401,5,3,4.9313555310083636e-5,2085
65402,88,29,8.67918573457472e-4,36693
65403,58,9,5.720372415969701e-4,24184
65575,11,11,1.08489821682184e-4,4587
65604,42,18,4.142338646047025e-4,17513
65605,10,4,9.862711062016727e-5,4170
65675,1,1,9.862711062016726e-6,417
65676,22,14,2.16979643364368e-4,9173
65679,7,5,6.90389774341171e-5,2919
65680,31,24,3.0574404292251856e-4,12926
65690,1,1,9.862711062016726e-6,417
65696,45,19,4.438219977907527e-4,18764
65697,195,106,0.0019232286570932619,81309
65698,6,4,5.9176266372100366e-5,2502
65973,14,10,1.380779548682342e-4,5838
65974,34,11,3.3533217610856873e-4,14177
65975,2,1,1.9725422124033453e-5,834
65976,25,11,2.4656777655041815e-4,10424
66172,5,3,4.9313555310083636e-5,2085
66245,1,1,9.862711062016726e-6,417
66246,1,1,9.862711062016726e-6,417
66266,6,6,5.9176266372100366e-5,2502
66267,43,31,4.2409657566671926e-4,17930
66268,3,3,2.9588133186050183e-5,1251
66271,22,20,2.16979643364368e-4,9173
66541,18,6,1.7752879911630108e-4,7505
66828,1,1,9.862711062016726e-6,417
66830,3,1,2.9588133186050183e-5,1251
66836,5,5,4.9313555310083636e-5,2085
66837,1,1,9.862711062016726e-6,417
67121,3,2,2.9588133186050183e-5,1251
67365,1,1,9.862711062016726e-6,417
67393,36,19,3.5505759823260217e-4,15011
67398,3,3,2.9588133186050183e-5,1251
67687,32,3,3.1560675398453525e-4,13343
67957,65,28,6.410762190310873e-4,27103
67958,2,1,1.9725422124033453e-5,834
67965,5,3,4.9313555310083636e-5,2085
68489,5,5,4.9313555310083636e-5,2085
68492,2,2,1.9725422124033453e-5,834
68531,4,3,3.9450844248066906e-5,1668
68533,4,1,3.9450844248066906e-5,1668
68557,11,9,1.08489821682184e-4,4587
68820,3,1,2.9588133186050183e-5,1251
69052,1,1,9.862711062016726e-6,417
69062,3,3,2.9588133186050183e-5,1251
69068,2,2,1.9725422124033453e-5,834
69115,9,8,8.876439955815054e-5,3753
69372,1,1,9.862711062016726e-6,417
69476,8,3,7.890168849613381e-5,3336
69605,2,2,1.9725422124033453e-5,834
69607,2,2,1.9725422124033453e-5,834
69621,8,5,7.890168849613381e-5,3336
69924,2,2,1.9725422124033453e-5,834
69936,166,98,0.0016372100362947767,69217
69937,3,1,2.9588133186050183e-5,1251
70024,2,2,1.9725422124033453e-5,834
70088,1,1,9.862711062016726e-6,417
70189,7,4,6.90389774341171e-5,2919
70190,43,29,4.2409657566671926e-4,17930
70191,12,7,1.1835253274420073e-4,5004
70473,3,3,2.9588133186050183e-5,1251
70574,76,23,7.495660407132713e-4,31690
70606,8,5,7.890168849613381e-5,3336
70750,5,3,4.9313555310083636e-5,2085
70756,22,22,2.16979643364368e-4,9173
70772,4,4,3.9450844248066906e-5,1668
70773,1,1,9.862711062016726e-6,417
71127,11,8,1.08489821682184e-4,4587
71128,5,3,4.9313555310083636e-5,2085
71159,332,78,0.0032744200725895534,138434
71160,72,46,7.101151964652043e-4,30022
71302,136,112,0.001341328704434275,56708
71683,2,2,1.9725422124033453e-5,834
71684,34,22,3.3533217610856873e-4,14177
71715,17,9,1.6766608805428437e-4,7088
71839,2,2,1.9725422124033453e-5,834
72140,2,2,1.9725422124033453e-5,834
72265,1,1,9.862711062016726e-6,417
72368,6,6,5.9176266372100366e-5,2502
72394,5,4,4.9313555310083636e-5,2085
72399,1,1,9.862711062016726e-6,417
72400,5,5,4.9313555310083636e-5,2085
72401,9,9,8.876439955815054e-5,3753
72402,2,2,1.9725422124033453e-5,834
72439,9,9,8.876439955815054e-5,3753
72440,8,7,7.890168849613381e-5,3336
72698,2,2,1.9725422124033453e-5,834
72795,138,58,0.0013610541265583083,57542
72823,1,1,9.862711062016726e-6,417
72928,1,1,9.862711062016726e-6,417
72929,310,75,0.0030574404292251856,129260
72937,12,8,1.1835253274420073e-4,5004
72957,15,11,1.479406659302509e-4,6255
72962,2,2,1.9725422124033453e-5,834
72963,8,8,7.890168849613381e-5,3336
72964,89,48,8.777812845194887e-4,37110
72977,10,6,9.862711062016727e-5,4170
73350,4,2,3.9450844248066906e-5,1668
73351,15,7,1.479406659302509e-4,6255
73484,24,14,2.3670506548840146e-4,10007
73485,7,3,6.90389774341171e-5,2919
73486,39,14,3.8464573141865234e-4,16262
73513,9,9,8.876439955815054e-5,3753
73520,2,2,1.9725422124033453e-5,834
73532,3,2,2.9588133186050183e-5,1251
73910,108,28,0.0010651727946978066,45033
74012,5,2,4.9313555310083636e-5,2085
74042,3,3,2.9588133186050183e-5,1251
74080,2,2,1.9725422124033453e-5,834
74086,5,1,4.9313555310083636e-5,2085
74370,6,4,5.9176266372100366e-5,2502
74466,1,1,9.862711062016726e-6,417
74597,1,1,9.862711062016726e-6,417
74604,3,2,2.9588133186050183e-5,1251
74640,1,1,9.862711062016726e-6,417
74926,1,1,9.862711062016726e-6,417
75187,1,1,9.862711062016726e-6,417
75189,1,1,9.862711062016726e-6,417
75190,3,3,2.9588133186050183e-5,1251
75478,5,1,4.9313555310083636e-5,2085
75519,1,1,9.862711062016726e-6,417
75575,1,1,9.862711062016726e-6,417
75717,40,11,3.945084424806691e-4,16679
75718,4,3,3.9450844248066906e-5,1668
75737,4,4,3.9450844248066906e-5,1668
75741,3,3,2.9588133186050183e-5,1251
75742,1,1,9.862711062016726e-6,417
76039,45,18,4.438219977907527e-4,18764
76041,30,5,2.958813318605018e-4,12509
76136,2,1,1.9725422124033453e-5,834
76137,45,13,4.438219977907527e-4,18764
76159,1,1,9.862711062016726e-6,417
76283,158,41,0.001558308347798643,65881
76284,67,29,6.608016411551207e-4,27937
76285,91,28,8.975067066435222e-4,37944
76286,1031,202,0.010168455104939246,429895
76288,1,1,9.862711062016726e-6,417
76289,8,5,7.890168849613381e-5,3336
76290,3,3,2.9588133186050183e-5,1251
76292,15,10,1.479406659302509e-4,6255
76293,4,1,3.9450844248066906e-5,1668
76294,3,3,2.9588133186050183e-5,1251
76300,1,1,9.862711062016726e-6,417
76301,13,13,1.2821524380621745e-4,5421
76303,85,56,8.383304402714218e-4,35442
76304,1,1,9.862711062016726e-6,417
76305,22,22,2.16979643364368e-4,9173
76306,2,2,1.9725422124033453e-5,834
76610,20,9,1.9725422124033454e-4,8339
76857,1,1,9.862711062016726e-6,417
76858,759,259,0.007485797696070696,316479
76859,391,102,0.00385632002524854,163035
76860,3,3,2.9588133186050183e-5,1251
76865,4,4,3.9450844248066906e-5,1668
76866,564,194,0.005562569038977434,235170
76867,122,65,0.0012032507495660406,50870
76870,3,2,2.9588133186050183e-5,1251
76871,8,3,7.890168849613381e-5,3336
76873,3,3,2.9588133186050183e-5,1251
76875,9,8,8.876439955815054e-5,3753
76877,19,14,1.8739151017831783e-4,7922
76878,14,10,1.380779548682342e-4,5838
76936,4,4,3.9450844248066906e-5,1668
77430,137,57,0.0013511914154962915,57125
77431,4,2,3.9450844248066906e-5,1668
77432,3,3,2.9588133186050183e-5,1251
77438,27,9,2.6629319867445164e-4,11258
77508,4,3,3.9450844248066906e-5,1668
77509,7,7,6.90389774341171e-5,2919
77511,10,10,9.862711062016727e-5,4170
77755,2,1,1.9725422124033453e-5,834
78064,6,6,5.9176266372100366e-5,2502
78086,9,3,8.876439955815054e-5,3753
78330,9,6,8.876439955815054e-5,3753
78331,2,1,1.9725422124033453e-5,834
78642,5,5,4.9313555310083636e-5,2085
78906,5,2,4.9313555310083636e-5,2085
79006,4,4,3.9450844248066906e-5,1668
79171,8,6,7.890168849613381e-5,3336
79715,1,1,9.862711062016726e-6,417
80168,127,21,0.0012525643048761244,52955
80752,4,3,3.9450844248066906e-5,1668
81342,1,1,9.862711062016726e-6,417
81488,14,12,1.380779548682342e-4,5838
81924,3,3,2.9588133186050183e-5,1251
81928,2,1,1.9725422124033453e-5,834
81929,3,1,2.9588133186050183e-5,1251
81935,5,4,4.9313555310083636e-5,2085
82029,1,1,9.862711062016726e-6,417
82395,5,3,4.9313555310083636e-5,2085
82505,1,1,9.862711062016726e-6,417
82507,2,2,1.9725422124033453e-5,834
82514,1,1,9.862711062016726e-6,417
82968,50,30,4.931355531008363e-4,20848
83071,7,3,6.90389774341171e-5,2919
83080,11,10,1.08489821682184e-4,4587
83081,10,7,9.862711062016727e-5,4170
83087,16,6,1.5780337699226762e-4,6672
83348,5,1,4.9313555310083636e-5,2085
83539,2,2,1.9725422124033453e-5,834
83656,51,19,5.029982641628531e-4,21265
83657,7,3,6.90389774341171e-5,2919
83757,4,2,3.9450844248066906e-5,1668
83916,1,1,9.862711062016726e-6,417
83917,4,2,3.9450844248066906e-5,1668
84221,1,1,9.862711062016726e-6,417
84222,1,1,9.862711062016726e-6,417
84398,4,1,3.9450844248066906e-5,1668
84399,85,36,8.383304402714218e-4,35442
85095,6,5,5.9176266372100366e-5,2502
85335,3,3,2.9588133186050183e-5,1251
85518,108,42,0.0010651727946978066,45033
85647,1,1,9.862711062016726e-6,417
85648,3,2,2.9588133186050183e-5,1251
85649,54,10,5.325863973489033e-4,22516
86073,56,34,5.523118194729368e-4,23350
86623,3,3,2.9588133186050183e-5,1251
86624,46,18,4.5368470885276944e-4,19181
86666,70,26,6.903897743411708e-4,29188
86757,19,8,1.8739151017831783e-4,7922
87169,107,37,0.0010553100836357898,44616
87290,2,2,1.9725422124033453e-5,834
87291,34,20,3.3533217610856873e-4,14177
87303,1,1,9.862711062016726e-6,417
87445,8,8,7.890168849613381e-5,3336
87712,196,36,0.0019330913681552785,81726
87713,128,30,0.001262427015938141,53372
87716,1,1,9.862711062016726e-6,417
87720,2,1,1.9725422124033453e-5,834
87780,34,32,3.3533217610856873e-4,14177
87781,7,7,6.90389774341171e-5,2919
87835,12,9,1.1835253274420073e-4,5004
87836,8,7,7.890168849613381e-5,3336
87837,4,2,3.9450844248066906e-5,1668
87847,24,16,2.3670506548840146e-4,10007
88254,101,34,9.961338172636894e-4,42114
88255,340,75,0.0033533217610856873,141769
88258,5,1,4.9313555310083636e-5,2085
88316,10,8,9.862711062016727e-5,4170
88319,6,5,5.9176266372100366e-5,2502
88320,144,76,0.0014202303929304087,60044
88380,4,2,3.9450844248066906e-5,1668
88646,2,2,1.9725422124033453e-5,834
88795,28,16,2.761559097364684e-4,11675
88855,5,4,4.9313555310083636e-5,2085
88856,39,14,3.8464573141865234e-4,16262
88857,29,28,2.8601862079848507e-4,12092
88858,25,25,2.4656777655041815e-4,10424
88859,10,10,9.862711062016727e-5,4170
88861,3,2,2.9588133186050183e-5,1251
88920,7,3,6.90389774341171e-5,2919
88921,64,36,6.312135079690705e-4,26686
89076,1,1,9.862711062016726e-6,417
89337,5,1,4.9313555310083636e-5,2085
89376,7,4,6.90389774341171e-5,2919
89377,64,29,6.312135079690705e-4,26686
89394,43,35,4.2409657566671926e-4,17930
89396,108,47,0.0010651727946978066,45033
89397,3,3,2.9588133186050183e-5,1251
89459,9,8,8.876439955815054e-5,3753
89614,55,21,5.4244910841092e-4,22933
89914,10,3,9.862711062016727e-5,4170
89915,62,20,6.114880858450371e-4,25852
89932,106,40,0.0010454473725737732,44199
89934,2,2,1.9725422124033453e-5,834
89935,3,3,2.9588133186050183e-5,1251
90150,1,1,9.862711062016726e-6,417
90412,19,14,1.8739151017831783e-4,7922
90413,8,3,7.890168849613381e-5,3336
90415,8,4,7.890168849613381e-5,3336
90473,19,12,1.8739151017831783e-4,7922
90474,101,56,9.961338172636894e-4,42114
90475,3,3,2.9588133186050183e-5,1251
90489,16,7,1.5780337699226762e-4,6672
90951,3,3,2.9588133186050183e-5,1251
90952,7,3,6.90389774341171e-5,2919
90953,6,3,5.9176266372100366e-5,2502
91012,3,2,2.9588133186050183e-5,1251
91013,12,12,1.1835253274420073e-4,5004
91491,10,3,9.862711062016727e-5,4170
91492,13,6,1.2821524380621745e-4,5421
91493,55,6,5.4244910841092e-4,22933
91553,2,2,1.9725422124033453e-5,834
91566,2,2,1.9725422124033453e-5,834
91567,4,1,3.9450844248066906e-5,1668
91920,9,8,8.876439955815054e-5,3753
92036,4,2,3.9450844248066906e-5,1668
92037,4,2,3.9450844248066906e-5,1668
92450,180,113,0.0017752879911630108,75054
92451,33,24,3.25469465046552e-4,13760
92573,13,4,1.2821524380621745e-4,5421
92574,21,8,2.0711693230235126e-4,8756
92575,12,4,1.1835253274420073e-4,5004
92988,84,61,8.28467729209405e-4,35025
92989,1,1,9.862711062016726e-6,417
93102,2,2,1.9725422124033453e-5,834
93107,3,3,2.9588133186050183e-5,1251
93138,6,2,5.9176266372100366e-5,2502
93141,3,2,2.9588133186050183e-5,1251
93379,10,2,9.862711062016727e-5,4170
93484,1,1,9.862711062016726e-6,417
93515,39,13,3.8464573141865234e-4,16262
93646,11,1,1.08489821682184e-4,4587
93666,2,2,1.9725422124033453e-5,834
93667,5,4,4.9313555310083636e-5,2085
93669,3,2,2.9588133186050183e-5,1251
93670,3,3,2.9588133186050183e-5,1251
93705,7,4,6.90389774341171e-5,2919
93735,32,18,3.1560675398453525e-4,13343
94044,71,32,7.002524854031876e-4,29605
94537,12,4,1.1835253274420073e-4,5004
94679,1,1,9.862711062016726e-6,417
94680,34,16,3.3533217610856873e-4,14177
94685,1,1,9.862711062016726e-6,417
94691,2,1,1.9725422124033453e-5,834
95076,1,1,9.862711062016726e-6,417
95203,4,4,3.9450844248066906e-5,1668
95204,3,2,2.9588133186050183e-5,1251
95237,15,3,1.479406659302509e-4,6255
95598,7,5,6.90389774341171e-5,2919
95735,3,1,2.9588133186050183e-5,1251
95757,2,2,1.9725422124033453e-5,834
95758,40,31,3.945084424806691e-4,16679
95759,5,2,4.9313555310083636e-5,2085
95760,12,10,1.1835253274420073e-4,5004
95993,258,60,0.0025445794540003156,107578
95995,113,23,0.0011144863500078901,47117
95997,205,59,0.002021855767713429,85479
95998,12,2,1.1835253274420073e-4,5004
96121,3,1,2.9588133186050183e-5,1251
96249,2,1,1.9725422124033453e-5,834
96512,1,1,9.862711062016726e-6,417
96513,136,19,0.001341328704434275,56708
96514,123,52,0.0012131134606280574,51287
96627,1,1,9.862711062016726e-6,417
96642,1,1,9.862711062016726e-6,417
96769,7,4,6.90389774341171e-5,2919
96771,41,3,4.0437115354268583e-4,17096
96772,34,16,3.3533217610856873e-4,14177
97034,1,1,9.862711062016726e-6,417
97035,5,2,4.9313555310083636e-5,2085
97036,209,27,0.002061306611961496,87147
97037,33,10,3.25469465046552e-4,13760
97152,209,56,0.002061306611961496,87147
97167,2,2,1.9725422124033453e-5,834
97295,13,5,1.2821524380621745e-4,5421
97557,4,2,3.9450844248066906e-5,1668
97558,132,18,0.001301877860186208,55040
97559,10,3,9.862711062016727e-5,4170
97674,1,1,9.862711062016726e-6,417
97675,11,4,1.08489821682184e-4,4587
97817,2,1,1.9725422124033453e-5,834
97819,18,7,1.7752879911630108e-4,7505
98079,11,6,1.08489821682184e-4,4587
98197,55,11,5.4244910841092e-4,22933
98341,1,1,9.862711062016726e-6,417
98723,7,1,6.90389774341171e-5,2919
98870,2,1,1.9725422124033453e-5,834
99129,4,1,3.9450844248066906e-5,1668
99402,2,2,1.9725422124033453e-5,834
99403,2,1,1.9725422124033453e-5,834
99660,2,2,1.9725422124033453e-5,834
99780,6,2,5.9176266372100366e-5,2502
99934,6,1,5.9176266372100366e-5,2502
100841,121,39,0.001193388038504024,50453
100879,34,31,3.3533217610856873e-4,14177
100993,55,10,5.4244910841092e-4,22933
101174,29,13,2.8601862079848507e-4,12092
101247,130,31,0.0012821524380621746,54206
101367,15,10,1.479406659302509e-4,6255
101368,1,1,9.862711062016726e-6,417
101520,13,7,1.2821524380621745e-4,5421
101521,27,6,2.6629319867445164e-4,11258
101774,2,1,1.9725422124033453e-5,834
101894,504,87,0.0049708063752564305,210152
102047,42,8,4.142338646047025e-4,17513
102420,2,1,1.9725422124033453e-5,834
102572,47,17,4.635474199147862e-4,19598
103096,25,6,2.4656777655041815e-4,10424
103622,3,2,2.9588133186050183e-5,1251
103623,67,8,6.608016411551207e-4,27937
103871,4,3,3.9450844248066906e-5,1668
103872,7,7,6.90389774341171e-5,2919
104524,52,16,5.128609752248698e-4,21682
104525,5,3,4.9313555310083636e-5,2085
104928,3,3,2.9588133186050183e-5,1251
105055,263,63,0.002593893009310399,109663
105209,2,1,1.9725422124033453e-5,834
105210,8,5,7.890168849613381e-5,3336
105211,2,1,1.9725422124033453e-5,834
105541,1,1,9.862711062016726e-6,417
105585,1,1,9.862711062016726e-6,417
106115,11,4,1.08489821682184e-4,4587
106270,78,18,7.692914628373047e-4,32524
106646,1,1,9.862711062016726e-6,417
106799,1,1,9.862711062016726e-6,417
106815,5,5,4.9313555310083636e-5,2085
107050,7,7,6.90389774341171e-5,2919
107180,4,2,3.9450844248066906e-5,1668
107335,49,31,4.832728420388196e-4,20431
107336,32,22,3.1560675398453525e-4,13343
107358,6,3,5.9176266372100366e-5,2502
107591,118,54,0.0011637999053179739,49202
107877,112,21,0.0011046236389458735,46701
107878,89,22,8.777812845194887e-4,37110
107894,16,9,1.5780337699226762e-4,6672
108138,5,5,4.9313555310083636e-5,2085
108139,1,1,9.862711062016726e-6,417
108444,5,1,4.9313555310083636e-5,2085
108446,377,37,0.0037182420703803063,157197
108447,68,18,6.706643522171375e-4,28354
108448,8,3,7.890168849613381e-5,3336
108690,1,1,9.862711062016726e-6,417
108691,105,10,0.0010355846615117564,43782
108979,9,1,8.876439955815054e-5,3753
108999,1,1,9.862711062016726e-6,417
109000,10,1,9.862711062016727e-5,4170
109001,9,3,8.876439955815054e-5,3753
109002,162,81,0.0015977591920467097,67549
109246,17,10,1.6766608805428437e-4,7088
109315,4,1,3.9450844248066906e-5,1668
109535,10,3,9.862711062016727e-5,4170
109536,8,3,7.890168849613381e-5,3336
109560,11,7,1.08489821682184e-4,4587
109561,76,39,7.495660407132713e-4,31690
109934,225,73,0.0022191099889537634,93818
109935,1,1,9.862711062016726e-6,417
109936,3,3,2.9588133186050183e-5,1251
109938,38,16,3.7478302035663565e-4,15845
109939,1,1,9.862711062016726e-6,417
110131,2,2,1.9725422124033453e-5,834
110132,587,243,0.005789411393403819,244761
110133,305,81,0.0030081268739151016,127176
110376,4,3,3.9450844248066906e-5,1668
110377,42,1,4.142338646047025e-4,17513
110507,163,70,0.0016076219031087265,67966
110508,3,2,2.9588133186050183e-5,1251
110709,2,1,1.9725422124033453e-5,834
110711,2,2,1.9725422124033453e-5,834
110713,4,3,3.9450844248066906e-5,1668
111093,7,1,6.90389774341171e-5,2919
111095,2,2,1.9725422124033453e-5,834
111267,2,2,1.9725422124033453e-5,834
111303,10,6,9.862711062016727e-5,4170
111304,22,4,2.16979643364368e-4,9173
111345,11,5,1.08489821682184e-4,4587
111366,3,3,2.9588133186050183e-5,1251
111889,7,1,6.90389774341171e-5,2919
111892,17,3,1.6766608805428437e-4,7088
111893,40,10,3.945084424806691e-4,16679
111894,3,3,2.9588133186050183e-5,1251
111895,44,19,4.33959286728736e-4,18347
111935,15,11,1.479406659302509e-4,6255
111936,412,137,0.004063436957550892,171791
112477,2,2,1.9725422124033453e-5,834
112478,8,3,7.890168849613381e-5,3336
112479,63,9,6.213507969070538e-4,26269
112480,5,1,4.9313555310083636e-5,2085
112481,10,6,9.862711062016727e-5,4170
112482,20,2,1.9725422124033454e-4,8339
112523,6,4,5.9176266372100366e-5,2502
112524,17,5,1.6766608805428437e-4,7088
112525,9,4,8.876439955815054e-5,3753
113069,34,7,3.3533217610856873e-4,14177
113104,3,3,2.9588133186050183e-5,1251
113112,78,21,7.692914628373047e-4,32524
113113,15,14,1.479406659302509e-4,6255
113308,2,2,1.9725422124033453e-5,834
113655,1,1,9.862711062016726e-6,417
113698,16,2,1.5780337699226762e-4,6672
113699,127,35,0.0012525643048761244,52955
113700,22,16,2.16979643364368e-4,9173
113701,15,15,1.479406659302509e-4,6255
114239,5,5,4.9313555310083636e-5,2085
114240,3,3,2.9588133186050183e-5,1251
114283,4,4,3.9450844248066906e-5,1668
114285,12,11,1.1835253274420073e-4,5004
114866,6,4,5.9176266372100366e-5,2502
114868,7,3,6.90389774341171e-5,2919
115400,6,2,5.9176266372100366e-5,2502
115401,11,3,1.08489821682184e-4,4587
115402,2,2,1.9725422124033453e-5,834
115403,27,11,2.6629319867445164e-4,11258
115644,4,1,3.9450844248066906e-5,1668
115987,2,1,1.9725422124033453e-5,834
115988,1,1,9.862711062016726e-6,417
115991,452,79,0.0044579454000315604,188470
115992,30,9,2.958813318605018e-4,12509
117182,3,3,2.9588133186050183e-5,1251
117769,1,1,9.862711062016726e-6,417
119187,5,3,4.9313555310083636e-5,2085
119541,2,2,1.9725422124033453e-5,834
119588,4,1,3.9450844248066906e-5,1668
119589,9,3,8.876439955815054e-5,3753
119590,4,4,3.9450844248066906e-5,1668
119778,1,1,9.862711062016726e-6,417
120175,53,24,5.227236862868866e-4,22099
120176,22,11,2.16979643364368e-4,9173
120360,1,1,9.862711062016726e-6,417
120716,1,1,9.862711062016726e-6,417
120947,5,5,4.9313555310083636e-5,2085
121526,19,10,1.8739151017831783e-4,7922
121527,4,4,3.9450844248066906e-5,1668
121875,1,1,9.862711062016726e-6,417
121876,5,2,4.9313555310083636e-5,2085
121877,5,1,4.9313555310083636e-5,2085
122455,3,2,2.9588133186050183e-5,1251
123828,3,1,2.9588133186050183e-5,1251
124207,5,5,4.9313555310083636e-5,2085
127022,3,2,2.9588133186050183e-5,1251
142459,1,1,9.862711062016726e-6,417
144196,2,2,1.9725422124033453e-5,834
144615,2,2,1.9725422124033453e-5,834
145829,1,1,9.862711062016726e-6,417
